frequency,callsign,city,state,power,lat,lon,height,slogan,owner,format,mlb,nfl,nba,nhl,market,rank,npr
88.9,W205CX,CARO,MI,0.013,43.323055555555555,83.37694444444443,58.0,CSN INTERNATIONAL,"CSN International, Inc.",Religious Teaching,,,,,,,False
98.7,W254DY,POWERS,MI,0.099,45.65316388888889,87.52327222222222,30.7,WISCONSIN'S RADIO VOICE OF THE MASTER,"WRVM, INC.",Religious Teaching,,,,,,,False
95.1,W236DZ,BIG RAPIDS,MI,0.25,43.663888888888884,85.482,101.0,SMILE FM,"MENTOR PARTNERS, INC.",Contemporary Christian,,,,,,,False
99.1,W256EE,ESCANABA,MI,0.25,45.92916666666667,87.26972222222223,83.8,KX COUNTRY,"906 Delta, LLC",Country,,Lions,,,,,False
107.9,W300EJ,BENTON HARBOR,MI,0.25,42.08522222222223,86.44444444444444,58.0,107.9 THE LAKE,"WSJM, INC.",Classic Rock,,,,,,,False
89.5,WDRK,Laurium,MI,1.0,47.25361111111111,88.43333333333334,27.0,,Full Potential Ministry,,,,,,,,False
89.1,WDRZ,Shelby,MI,0.45,43.67611111111111,86.2388888888889,134.0,BRIDGE 96.7,Full Potential Ministry,Easy Listening,,,,,,,False
88.7,WFNT,Adrian,MI,0.5,41.904777777777774,84.07805555555555,54.0,,Smile FM,,,,,,,,False
88.7,WGNP,PORT SANILAC,MI,0.25,43.42472222222222,82.66555555555556,33.0,,,,,,,,,,False
90.3,WGTM,MANISTIQUE,MI,1.0,45.96797222222222,86.24533333333333,18.0,,,,,,,,,,False
96.3,WHBS,HOUGHTON,MI,37.0,47.03638888888889,88.69527777777778,68.0,96.3 HOUGHTONâ€™S BREEZE,,Adult Contemporary,,,,,,,False
88.9,WHFJ,HOUGHTON,MI,2.0,47.03638888888889,88.69527777777778,34.0,,,,,,,,,,False
95.1,WHMU-LP,Holland,MI,0.1,42.785555555555554,86.10666666666665,20.0,RADIO ONDAS DE AMOR,Ministerio Ondas de Amor,Religious,,,,,,,False
88.9,WHSI,Litchfield,MI,1.0,41.894888888888886,84.66480555555556,91.0,SMILE FM MICHIGAN'S POSITIVE HITS,Smile FM,Classical,,,,,,,False
88.7,WHSR,OWOSSO,MI,10.0,43.06927777777778,84.06269444444445,52.0,STRONG TOWER RADIO,,Religious,,,,,,,False
88.5,WHWM,ROCKLAND,MI,0.9,46.69972222222222,89.23166666666667,49.0,WITNESSING HIS WONDERFUL LOVE,"Gospel Opportunities, Inc.",Religious Teaching,,,,,,,False
89.3,WHWT,IRONWOOD,MI,0.5,46.479111111111116,90.14766666666668,17.0,WITNESSING HIS WONDERFUL LOVE,"Gospel Opportunities, Inc.",Religious Teaching,,,,,,,False
89.9,WJCG,GREENVILLE,MI,15.0,43.210861111111114,85.26641666666667,86.0,STRONG TOWER RADIO,,Religious Teaching,,,,,,,False
106.3,WJML,THOMPSONVILLE,MI,2.2,44.63527777777778,85.76488888888889,133.0,WINE COUNTRY R./THE GRATEFUL DEAD STATION,MITTEN NEWS LLC,Variety,,,,,,,False
102.5,WKMH,HUDSON,MI,6.0,41.88419444444445,84.52327777777778,73.0,K-LOVE,Educational Media Foundation,Contemporary Christian,,,,,,,False
89.1,WLWP,BRIDGMAN,MI,2.0,41.990027777777776,86.52980555555555,90.0,STRONG TOWER RADIO,,Religious Teaching,,,,,,,False
88.5,WMPC-FM,Davison,MI,1.0,42.99227777777778,83.46202777777778,28.0,,THE CALVARY BIBLE CHURCH OF LAPEER,Religious Teaching,,,,,,,False
98.9,WNFH,VASSAR,MI,3.0,43.29891666666666,83.50938888888889,100.0,HOPE FM,"WONDERFUL NEWS RADIO, INC.",Contemporary Christian,,,,,,,False
89.7,WPHO,Burtchville,MI,0.23,43.06888888888889,82.48,87.0,SMILE FM,Smile FM,Contemporary Christian,,,,,,,False
97.5,WRRA-FM,BRIDGMAN,MI,3.8,41.99005555555556,86.52974999999999,124.0,QUALITY ROCK THE LAKE,WSJM INC,Classic Rock,,,,,,,False
91.7,WSHG,SOUTH HAVEN,MI,0.15,42.40230555555556,86.258,30.0,STRONG TOWER RADIO,,Religious Teaching,,,,,,,False
96.5,WTOU,PORTAGE,MI,6.0,42.215333333333334,85.61027777777777,71.0,96.5 FM WTOU,"MIDWEST COMMUNICATIONS, INC",R&B,,,,,,,False
105.3,WVEX-LP,MIDLAND,MI,0.1,43.612500000000004,84.22694444444444,8.0,,,Talk,,,,,,,False
89.1,WUPC,IRON MOUNTAIN,MI,15.0,45.82083333333334,88.04166666666667,21.0,,,,,,,,,,False
100.1,WUWU-LP,FRANKFORT,MI,0.006,44.64722222222222,86.21166666666667,22.0,,Elberta Labor Heritage Center,Variety,,,,,,,False
91.9,WVBI,ST. JAMES,MI,3.0,45.686499999999995,85.5273888888889,25.0,,,,,,,,,,False
98.9,WWRW,Big Rapids Township,MI,3.5,43.683638888888886,85.58227777777778,39.0,THE NEW REWIND 98.9,Smile FM,Classic Rock,,,,,,,False
99.9,WYTZ-FM,BENTON HARBOR,MI,50.0,41.96172222222223,86.35058333333333,136.0,Y-COUNTRY,"WSJM, INC.",Country,,,,,,,False
90.3,KDTI,ROCHESTER HILLS,MI,0.037,42.678638888888884,83.12438888888889,77.0,K-LOVE,EDUCATIONAL MEDIA FOUNDATION,Contemporary Christian,,,,,Detroit,13.0,False
88.1,W201CF,BALDWIN,MI,0.055,43.900555555555556,85.7595,49.0,CSN INTERNATIONAL,CSN INTERNATIONAL,Religious Teaching,,,,,,,False
88.7,W204AQ,NEWBERRY,MI,0.011,46.31469444444444,85.56261111111111,72.48,THE PROMISE FM,NORTHERN CHRISTIAN RADIO,Contemporary Christian,,,,,,,False
90.3,W212CL,BENTON HARBOR,MI,0.17,42.09780555555556,86.43752777777779,30.0,REJOICE RADIO,"PENSACOLA CHRISTIAN COLLEGE, INC.",Religious Teaching,,,,,,,False
90.7,W214AY,WALKER,MI,0.013,42.97558333333333,85.79113888888888,97.0,CSN INTERNATIONAL,CSN INTERNATIONAL,Religious Teaching,,,,,Grand Rapids,68.0,False
90.7,W214CA,MUSKEGON,MI,0.013,43.218361111111115,86.24477777777778,24.0,REJOICE RADIO,"PENSACOLA CHRISTIAN COLLEGE, INC.",Religious Teaching,,,,,Muskegon,225.0,False
90.9,W215CH,GRAND LEDGE,MI,0.019,42.73280555555556,84.55358333333334,95.0,,EDUCATIONAL MEDIA FOUNDATION,,,,,,Lansing-East Lansing,127.0,False
91.1,W216BF,MANISTIQUE,MI,0.013,46.10969444444444,86.23652777777778,114.0,WITNESSING HIS WONDERFUL LOVE,"GOSPEL OPPORTUNITIES, INC.",Religious Teaching,,,,,,,False
91.1,W216BX,BENTON HARBOR,MI,0.038,42.08530555555556,86.44447222222223,58.0,CSN INTERNATIONAL,CSN INTERNATIONAL,Religious Teaching,,,,,,,False
91.3,W217CG,IRONWOOD,MI,0.07,46.456611111111116,90.16655555555556,43.0,,WEST CENTRAL MICHIGAN MEDIA MINISTRIES,Religious Teaching,,,,,,,False
91.5,W218CY,MANISTEE,MI,0.019,44.211111111111116,86.29813888888889,91.0,RADIO BY GRACE,Family First,Religious Teaching,,,,,Traverse City-Petoskey-Cadillac,178.0,False
91.7,W219CA,KALAMAZOO,MI,0.05,42.28058333333333,85.57175,24.0,REJOICE RADIO,"PENSACOLA CHRISTIAN COLLEGE, INC.",Religious Teaching,,,,,Kalamazoo,183.0,False
92.7,W224ED,ANN ARBOR,MI,0.25,42.29252777777778,84.03216666666667,80.0,WAAM TALK 1600,"COOLARITY A2, LLC",Talk,,,,,Ann Arbor,151.0,False
91.9,W220AJ,MANISTIQUE,MI,0.017,45.959138888888894,86.22930555555556,56.43,PUBLIC RADIO 90,"BOARD OF CONTROL,NORTHERN MICHIGAN UNIVERSITY",News,,,,,,,False
92.1,W221CA,GAYLORD,MI,0.013,45.02111111111111,84.63669444444444,43.0,RELEVANT RADIO,"RELEVANT RADIO, INC.",Religious Teaching,,,,,Traverse City-Petoskey-Cadillac,178.0,False
92.1,W221EH,IRONWOOD,MI,0.25,46.42161111111111,90.24961111111111,73.0,REAL COUNTRY  US 59,"J & J BROADCASTING, INC.",Country,Brewers,,Bucks,,,,False
92.3,W222BB,BATTLE CREEK,MI,0.08,42.31225,85.20055555555555,34.0,HOME FM,SPRING ARBOR UNIVERSITY,Christian Rock,,,,,,,False
92.3,W222CP,SHEPHERD,MI,0.25,43.59419444444445,84.82391666666666,100.0,BUCK 830/92.3,LATITUDE MEDIA LLC,Country,,,,,,,False
92.3,W222CQ,SAGINAW,MI,0.25,43.41752777777778,83.91830555555556,130.0,104 FM THE BAY,THE MACDONALD BROADCASTING COMPANY,Soft AC,,,,,Saginaw-Bay City-Midland,152.0,False
92.3,W222CU,CHARLOTTE,MI,0.25,42.553749999999994,84.80977777777777,11.0,,WEST CENTRAL MICHIGAN MEDIA MINISTRIES,Religious Teaching,,,,,Lansing-East Lansing,127.0,False
92.7,W224AO,HOUGHTON,MI,0.25,47.11958333333333,88.5513611111111,23.0,MPR NEWS/CLASSICAL MPR,MINNESOTA PUBLIC RADIO,News,,,,,,,True
92.7,W224AV,COVINGTON,MI,0.01,46.53380555555555,88.54372222222221,46.0,WITNESSING HIS WONDERFUL LOVE,"GOSPEL OPPORTUNITIES, INC.",Religious Teaching,,,,,,,False
92.7,W224AW,BERGLAND,MI,0.01,46.67688888888889,89.57763888888888,26.0,WITNESSING HIS WONDERFUL LOVE,"GOSPEL OPPORTUNITIES, INC.",Religious Teaching,,,,,,,False
92.7,W224BZ,IONIA,MI,0.25,43.00447222222222,85.08583333333333,58.0,I-1430 AND FM 92.7 WION,"PACKER RADIO WION, LLC",Adult Contemporary,,,,,,,False
92.7,W224CA,LUDINGTON,MI,0.16,43.91694444444444,86.43675,55.0,NEWS 97 AND 98,"SYNERGY LAKESHORE LICENSES, LLC",News,Tigers,,,Red Wings,,,False
92.7,W224CC,DETROIT,MI,0.099,42.447805555555554,83.17297222222223,279.0,FAITH TALK FM 92.7 & AM 1500,SALEM COMMUNICATIONS HOLDING CORPORATION,Religious Teaching,,,,,Detroit,13.0,False
92.7,W224DT,PORT HURON,MI,0.125,42.97697222222222,82.46436111111112,76.0,92.7 THE HILLS,"LIGGETT COMMUNICATIONS, LLC",Adult Alternative,,,,,Detroit,13.0,False
92.9,W225BL,GRAND HAVEN,MI,0.25,42.95363888888889,85.6986388888889,174.0,WFUR AM 1570 FM -92.9 CHRISTIAN RADIO,FURNITURE CITY BROADCASTING CORPORATION,Religious,,,,,Grand Rapids,68.0,False
93.3,W227BY,JACKSON,MI,0.196,42.22138888888889,84.4345,100.7,GOOD SHEPHERD CATHOLIC RADIO,JACKSON LANSING CATHOLIC RADIO DBA GOOD SHEPHERD RADIO,Religious Teaching,,,,,,,False
93.3,W227CG,GRAND RAPIDS,MI,0.25,42.95363888888889,85.6986388888889,175.0,LA PODEROSA RADIO WMJH 93.3 FM,Cano's Broadcasting LLC,Regional Mexican,,,,,Grand Rapids,68.0,False
93.3,W227CJ,MARQUETTE,MI,0.25,46.54394444444444,87.39322222222224,43.0,Q107,Keweenaw Bay Indian Community,Hot AC,,,,,,,False
93.3,W227DO,LANSING,MI,0.125,42.69141666666666,84.55802777777778,114.0,EASY 93.3,THE MACDONALD BROADCASTING COMPANY,Soft AC,,,,,Lansing-East Lansing,127.0,False
93.5,W228CJ,DETROIT,MI,0.099,42.447805555555554,83.17297222222223,296.0,LA PLAYA,"BEASLEY MEDIA GROUP LICENSES, LLC",Tropical,,,,,Detroit,13.0,False
93.5,W228DQ,ESCANABA,MI,0.25,45.80469444444444,87.17097222222223,120.0,NEWSTALK 93.5 - 600,"AMC PARTNERS ESCANABA, LLC",Talk,,,Pistons,Red Wings,,,False
94.1,W231CV,HOLLY,MI,0.21,42.690555555555555,83.29805555555555,70.0,FAMILY LIFE RADIO,"Relevant Radio, Inc.",Contemporary Christian,,,,,Detroit,13.0,False
94.3,W232CA,DETROIT,MI,0.099,42.44808333333333,83.17297222222223,274.0,RELEVANT RADIO,"Relevant Radio, Inc.",Religious Teaching,,,,,Detroit,13.0,False
94.5,W233CT,ESCANABA,MI,0.25,45.74552777777778,87.05430555555556,63.0,WDBC 680,"AURORA MEDIA, LLC",Adult Standards,Tigers,,,,,,False
94.7,W234BU,TRAVERSE CITY,MI,0.25,44.75611111111111,85.67841666666668,76.0,CLASSICAL IPR,Interlochen Arts Group,Classical,,,,,Traverse City-Petoskey-Cadillac,178.0,True
94.9,W235BN,GRAND RAPIDS,MI,0.25,42.95363888888889,85.6986388888889,125.0,JETHRO FM,"WYGR, LLC",Country,,,,,Grand Rapids,68.0,False
94.9,W235CM,GRAND HAVEN,MI,0.25,43.03947222222222,86.2295,41.0,LA PODEROSA RADIO WMJH 93.3 FM,"WGHN, INC.",Regional Mexican,,,,,Grand Rapids,68.0,False
95.1,W236BU,TRAVERSE CITY,MI,0.25,44.776666666666664,85.68388888888889,76.0,THE BEAR,"Black Diamond Broadcast Holdings, LLC",Classic Rock,,Lions,,,Traverse City-Petoskey-Cadillac,178.0,False
95.3,W237AW,IRON RIVER,MI,0.055,46.10263888888889,88.64941666666667,26.0,WISCONSIN'S RADIO VOICE OF THE MASTER,"WRVM, INC.",Religious Teaching,,,,,,,False
95.3,W237BY,MASON,MI,0.25,42.73280555555556,84.55358333333334,96.0,SHINE FM,OLIVET NAZARENE UNIVERSITY,Contemporary Christian,,,,,Lansing-East Lansing,127.0,False
95.3,W237CZ,GRAND RAPIDS,MI,0.12,42.92194444444444,85.68530555555556,60.0,WGVU 88.5 & 95.3FM,GRAND VALLEY STATE UNIVERSITY,News,,,,,Grand Rapids,68.0,False
95.3,W237EQ,SANDUSKY,MI,0.25,43.39336111111111,82.83494444444445,100.0,YOUR INFORMATION STATION,SANILAC BROADCASTING COMPANY,Country,,,,,,,False
95.5,W238AL,PORTAGE,MI,0.13,42.23697222222222,85.57722222222222,53.0,THE TOUCH,"MIDWEST COMMUNICATIONS, INC.",Hot AC,,,,,Kalamazoo,183.0,False
95.5,W238CD,COLDWATER,MI,0.25,41.9095,85.00580555555555,54.0,WTVB 1590AM - 95.5 FM,"MIDWEST COMMUNICATIONS, INC.",Classic Hits,,,,,,,False
95.9,W240CG,WEBBERVILLE,MI,0.13,42.67586111111111,84.49997222222223,142.0,AIR1,EDUCATIONAL MEDIA FOUNDATION,Contemporary Christian,,,,,Lansing-East Lansing,127.0,False
95.9,W240DG,JACKSON,MI,0.25,42.19308333333333,84.42883333333334,72.0,95.9 THE POWER COW,"MCKIBBIN MEDIA GROUP, INC.",Country,,,,,,,False
96.3,W242BH,MARSHALL,MI,0.17,42.33141666666667,85.13,32.0,SMILE FM MICHIGAN'S POSITIVE HITS,SMILE FM,Contemporary Christian,,,,,,,False
96.5,W243AD,ADRIAN,MI,0.15,41.90311111111111,83.98688888888888,84.0,PERSON TO PERSON RADIO,LENAWEE BROADCASTING COMPANY,Adult Contemporary,,Lions,,,,,False
96.5,W243BD,ZEELAND,MI,0.25,42.81641666666666,85.95669444444445,104.0,JOY WORSHIP 96.5 - 98.9,LANSER BROADCASTING CORP.,Contemporary Christian,,,,,Grand Rapids,68.0,False
96.5,W243CQ,ESCANABA,MI,0.031,45.745222222222225,87.054,52.0,PUBLIC RADIO 90,"BOARD OF CONTROL, NORTHERN MICHIGAN UNIVERSITY",News,,,,,,,False
96.5,W243EA,GLADWIN,MI,0.25,43.954750000000004,84.54972222222221,120.0,THE NORTHERN LIGHT 96.5,"APPLE BROADCASTING COMPANY, INC.",Religious Teaching,,,,,,,False
96.5,W243EN,BIG RAPIDS,MI,0.25,43.683638888888886,85.58227777777778,30.0,NEWSRADIO 1460-107.7 WBRN,"MENTOR PARTNERS, INC.",News,Tigers,Lions,,Red Wings,,,False
96.7,W244BS,ALMA,MI,0.25,43.40586111111111,84.66277777777778,15.0,RADIO U,"SPIRIT COMMUNICATIONS, INC.",Christian CHR,,,,,,,False
96.7,W244DL,DETROIT,MI,0.099,42.37752777777778,83.24297222222222,122.0,,"WMUZ RADIO, INC.",Contemporary Christian,,,,,Detroit,13.0,False
96.7,W244EN,Lapeer,MI,0.25,42.898916666666665,83.46133333333334,276.5,SMILE FM MICHIGAN'S POSITIVE HITS,MICHIGAN COMMUNITY RADIO,Contemporary Christian,,,,,Flint,140.0,False
96.7,W244EO,DOWAGIAC,MI,0.25,41.95397222222223,86.01597222222222,81.0,MICHIANA'S NEW HOME FOR VARIETY 96-7 & 97-1 FM,,Variety,,,,,,,False
97.1,W246AU,COLDWATER,MI,0.17,41.93894444444444,85.01608333333333,31.0,HOME.FM,SPRING ARBOR UNIVERSITY,Christian Rock,,,,,,,False
97.1,W246BW,THREE RIVERS,MI,0.25,41.928666666666665,85.6375,85.0,RIVER COUNTRY 97.1,"IMPACT RADIO, LLC",Country,,,,,,,False
97.1,W246CW,LONG LAKE TOWNSHIP,MI,0.01,44.76027777777778,85.68286111111112,165.0,SMILE FM MICHIGAN'S POSITIVE HITS,MICHIGAN COMMUNITY RADIO,Contemporary Christian,,,,,Traverse City-Petoskey-Cadillac,178.0,False
97.3,W247AM,KALAMAZOO,MI,0.013,42.25530555555556,85.68277777777779,78.0,TRUTH HEARD IN BLACK & WHITE - WITHOUT COMPROMISE,WEST CENTRAL MICHIGAN MEDIA MINISTRIES,Religious Teaching,,,,,Kalamazoo,183.0,False
97.3,W247CU,FORT GRATIOT TWP.,MI,0.15,43.06888888888889,82.48,89.0,SMILE FM MICHIGAN'S POSITIVE HITS,MICHIGAN COMMUNITY RADIO,Contemporary Christian,,,,,Detroit,13.0,False
97.5,W248BU,ISHPEMING,MI,0.25,46.603833333333334,87.62097222222222,213.0,97.5 GTO,MEDIABREW COMMUNICATIONS MARQUETTE LLC,Oldies,,,,,,,False
97.7,W249BT,ADRIAN,MI,0.08,41.904777777777774,84.078,30.0,FAMILY FRIENDLY - COMMERCIAL FREE,"TAYLOR UNIVERSITY BROADCASTING, INC.",Contemporary Christian,,,,,,,False
97.7,W249DR,MUNISING,MI,0.25,46.41466666666666,86.67569444444445,49.0,GOOD TIME OLDIES,"GREAT LAKES RADIO, INC.",Oldies,,,,,,,False
97.9,W250BO,STEPHENSON,MI,0.027,45.419694444444445,87.57733333333333,63.0,PUBLIC RADIO 90,"BOARD OF CONTROL, NORTHER MICHIGAN UNIVERSITY",News,,,,,,,False
97.9,W250CQ,IRON RIVER,MI,0.25,46.10077777777778,88.53986111111111,68.0,WFER 97.9 FM AND 1230 AM,Queen Bee's Knees LLC,Country,,,,,,,False
98.1,W251AD,ALPENA,MI,0.049,45.06055555555555,83.45247222222223,18.0,106.3 MAC FM,WAYNE KOWALSKI,Classic Hits,,,,,,,False
98.1,W251AE,ROCKLAND,MI,0.01,46.69972222222222,89.23166666666667,6.4,WITNESSING HIS WONDERFUL LOVE,"GOSPEL OPPORTUNITIES, INC",Religious Teaching,,,,,,,False
98.1,W251CW,INDIAN RIVER,MI,0.24,45.35194444444445,84.59388888888888,33.5,BIG COUNTRY GOLD,"BLACK DIAMOND BROADCAST HOLDINGS, LLC",Country,Tigers,,,Red Wings,Traverse City-Petoskey-Cadillac,178.0,False
98.3,W252BA,CHELSEA,MI,0.17,42.325583333333334,83.96494444444444,31.7,HOME FM,SPRING ARBOR UNIVERSITY,Christian Rock,,,,,Ann Arbor,151.0,False
98.3,W252BX,DETROIT,MI,0.115,42.32919444444445,83.03963888888889,227.0,DETROIT PRAISE NETWORK,"BEASLEY MEDIA GROUP LICENSES, LLC",Gospel Music,,,,,Detroit,13.0,False
98.3,W252CN,LANSING,MI,0.17,42.71280555555556,84.61358333333332,39.0,HOME FM,SPRING ARBOR UNIVERSITY,Christian Rock,,,,,Lansing-East Lansing,127.0,False
98.3,W252CP,HOLLY,MI,0.013,42.68308333333333,83.553,107.0,AIR 1,EDUCATIONAL MEDIA FOUNDATION,Contemporary Christian,,,,,Detroit,13.0,False
98.3,W252DG,GRAND RAPIDS,MI,0.25,42.95697222222223,85.90197222222223,274.0,HOLY FAMILY RADIO,"HOLY FAMILY RADIO, INC.",Religious Teaching,,,,,Grand Rapids,68.0,False
98.5,W253CG,MANISTIQUE,MI,0.25,45.96413888888889,86.27708333333334,44.0,THE MAVERICK 1490 - 98.5,AMC Partners Escanaba LLC,Country,,,,,,,False
98.9,W255DF,OTSEGO,MI,0.25,42.45922222222222,85.73280555555556,53.0,JETHRO FM,Quincy-Richard LLC,Country,,,,,,,False
98.9,W255DI,ZEELAND,MI,0.21,42.73225,86.10225,59.0,JOY WORSHIP 96.5 - 98.9,LANSER BROADCASTING CORPORATION,Contemporary Christian,,,,,,,False
99.1,W256EA,Birmingham,MI,0.25,42.64861111111111,83.07527777777777,118.0,LA PLAYA,MICHIGAN COMMUNITY RADIO,Tropical,,,,,Detroit,13.0,False
99.3,W257CZ,HOUGHTON,MI,0.25,47.13491666666667,88.56483333333333,86.0,99.3 THE LIFT,Queen Bee's Knees LLC,Hot AC,Tigers,Lions,Pistons,Red Wings,,,False
99.3,W257EO,BRIDGEPORT,MI,0.25,43.34225,83.8991388888889,91.0,METV MUSIC 1250AM - 99.3FM,NORTHERN STATES BROADCASTING CORP,Classic Hits,,,,,Saginaw-Bay City-Midland,152.0,False
99.5,W258AH,KALAMAZOO,MI,0.013,42.25530555555556,85.68277777777779,79.0,HOME FM,SPRING ARBOR UNIVERSITY,Christian Rock,,,,,Kalamazoo,183.0,False
99.5,W258DE,HILLSDALE,MI,0.25,41.92811111111111,84.63605555555556,64.0,99.5 THE DALE,"MCKIBBIN MEDIA GROUP, INC.",Country,Tigers,,,,,,False
99.5,W258DF,LOWELL,MI,0.25,43.02280555555556,85.33919444444444,75.0,JETHRO FM,"WYGR, LLC",Country,,,,,Grand Rapids,68.0,False
99.7,W259AD,NEWBERRY,MI,0.027,46.31472222222222,85.5625,64.0,WITNESSING HIS WONDERFUL LOVE,"GOSPEL OPPORTUNITIES, INC.",Religious Teaching,,,,,,,False
99.7,W259AH,PETOSKEY,MI,0.25,45.50222222222222,85.02894444444445,67.0,THE PROMISE FM,NORTHERN CHRISTIAN RADIO,Contemporary Christian,,,,,Traverse City-Petoskey-Cadillac,178.0,False
99.9,W260AG,ISHPEMING,MI,0.25,46.30744444444444,87.30902777777777,105.0,K-LOVE,MEDIABREW COMMUNICATIONS MARQUETTE LLC,Contemporary Christian,,,,,,,False
99.7,W259CO,HOLLAND,MI,0.25,42.79447222222222,86.10613888888888,55.0,HOLLAND'S COOL FM,"MIDWEST COMMUNICATIONS, INC.",Classic Hits,Tigers,Lions,,Red Wings,Grand Rapids,68.0,False
99.7,W259CR,ATHENS,MI,0.25,41.62338888888889,85.34691666666666,140.0,FOX SPORTS RADIO 1230,"SWICK BROADCASTING COMPANY, INC.",Sports,Tigers,,,,,,False
99.9,W260AC,HOUGHTON,MI,0.01,47.10088888888889,88.56552777777777,100.0,WITNESSING HIS WONDERFUL LOVE,"GOSPEL OPPORTUNITIES, INC.",Religious Teaching,,,,,,,False
99.9,W260BH,ALBION,MI,0.25,42.25875,84.78186111111111,29.0,,,Religious Teaching,,,,,,,False
99.9,W260BX,LANSING,MI,0.19,42.72363888888889,84.54747222222223,114.0,FAMILY LIFE RADIO,Intentional Life Media,Contemporary Christian,,,,,Lansing-East Lansing,127.0,False
99.9,W260CB,DETROIT,MI,0.25,42.45363888888889,83.16380555555556,244.0,DETROIT PRAISE NETWORK,"BEASLEY MEDIA GROUP LICENSES, LLC",Gospel Music,,,,,Detroit,13.0,False
99.9,W260CQ,PLAINFIELD TOWNSHIP,MI,0.22,42.987500000000004,85.62388888888889,126.0,SMILE FM MICHIGAN'S POSITIVE HITS,MICHIGAN COMMUNITY RADIO,Contemporary Christian,,,,,Grand Rapids,68.0,False
100.1,W261BH,FLINT,MI,0.019,43.04141666666666,83.69105555555556,90.0,K-LOVE,EDUCATIONAL MEDIA FOUNDATION,Contemporary Christian,,,,,Flint,140.0,False
100.1,W261CI,ESCANABA,MI,0.05,45.7455,87.05427777777777,63.0,WITNESSING HIS WONDERFUL LOVE,"GOSPEL OPPORTUNITIES, INC.",Religious Teaching,,,,,,,False
100.1,W261DM,MENOMINEE,MI,0.25,45.10747222222222,87.60705555555555,53.0,NEWS TALK 1340,"RADIO PLUS BAY CITIES, LLC",Talk,,,,,,,False
100.3,W262AF,PARCHMENT,MI,0.038,42.28641666666667,85.58222222222221,76.0,SMILE FM MICHIGAN'S POSITIVE HITS,SMILE FM,Contemporary Christian,,,,,Kalamazoo,183.0,False
100.3,W262BD,DIMONDALE,MI,0.099,42.73280555555556,84.55358333333334,97.0,JOY 1580AM 100.3FM,EDUCATIONAL MEDIA FOUNDATION,Urban Gospel,,,,,Lansing-East Lansing,127.0,False
100.3,W262DN,IONIA,MI,0.25,42.941694444444444,85.33419444444444,20.0,I-1430 AND FM 92.7 WION,"PACKER RADIO WION, LLC",Adult Contemporary,,,,,Grand Rapids,68.0,False
100.7,W264CF,ST. IGNACE,MI,0.25,45.666666666666664,84.63472222222222,101.0,BIG COUNTRY GOLD,"BLACK DIAMOND BROADCAST HOLDINGS, LLC",Country,Tigers,,,Red Wings,Traverse City-Petoskey-Cadillac,178.0,False
100.7,W264DQ,CADILLAC,MI,0.25,44.23125,85.41225,59.4,THE SOURCE,"Northern Christian Radio, Inc.",Religious Teaching,,,,,,,False
100.9,W265AI,IRONWOOD,MI,0.01,46.45633333333333,90.12794444444444,13.0,PUBLIC RADIO PLUS,"White Pine Community Broadcasting, Inc.",News,,,,,,,True
101.1,W266BU,MOUNT PLEASANT,MI,0.12,43.57586111111112,84.77472222222222,137.0,THE BEAT,CENTRAL MICHIGAN UNIVERSITY,Rhythmic CHR,,,,,,,False
101.1,W266CG,BATTLE CREEK,MI,0.23,42.30422222222222,85.19222222222223,59.0,FAMILY LIFE RADIO,Intentional Life Media,Contemporary Christian,,,,,,,False
101.1,W266CS,TRAVERSE CITY,MI,0.25,44.76027777777778,85.68286111111112,50.0,JML THE GRATEFUL DEAD STATION,MITTEN NEWS LLC,Variety,Tigers,,Pistons,,Traverse City-Petoskey-Cadillac,178.0,False
101.5,W268CA,JACKSON,MI,0.25,42.23697222222222,84.36438888888888,45.0,NEWS TALK 970/101.5,"MCKIBBIN MEDIA GROUP, INC.",News,,,,Red Wings,,,False
101.5,W268CN,DETROIT,MI,0.099,42.44808333333333,83.17297222222223,276.0,101.5 FM & 1400 AM THE PATRIOT,SALEM COMMUNICATIONS HOLDING CORPORATION,Talk,,,,,Detroit,13.0,False
101.7,W269CS,GALESBURG,MI,0.08,42.264472222222224,85.42969444444445,24.0,HOME FM,SPRING ARBOR UNIVERSITY,Christian Rock,,,,,Kalamazoo,183.0,False
101.9,W270CJ,JACKSON,MI,0.25,42.23697222222222,84.36438888888888,45.0,FOX SPORTS 101.9,"MCKIBBIN MEDIA GROUP, INC.",Sports,Tigers,Lions,Pistons,Red Wings,,,False
101.9,W270DN,GREENVILLE,MI,0.25,43.159749999999995,85.25502777777778,35.0,BACK ROADS,JAM Radio LLC,Country,,,,,,,False
102.1,W271AG,MACKINAW CITY,MI,0.019,45.771388888888886,84.75116666666666,90.0,WITNESSING HIS WONDERFUL LOVE,"GOSPEL OPPORTUNITIES, INC.",Religious Teaching,,,,,Traverse City-Petoskey-Cadillac,178.0,False
102.3,W272CR,PETOSKEY,MI,0.25,45.180277777777775,85.09727777777778,180.0,THE TALK STATION,"MACDONALD GARBER BROADCASTING, INC.",Talk,,,,,Traverse City-Petoskey-Cadillac,178.0,False
102.3,W272DG,PITTSFIELD TOWNSHIP,MI,0.18,42.300749999999994,83.64105555555557,113.0,SMILE FM MICHIGAN'S POSITIVE HITS,MICHIGAN COMMUNITY RADIO,Contemporary Christian,,,,,Ann Arbor,151.0,False
102.3,W272EM,EAST LANSING,MI,0.25,42.70191666666667,84.41327777777778,180.4,,BOARD OF TRUSTEES OF MICHIGAN STATE UNIVERSITY,News,,,,,Lansing-East Lansing,127.0,True
102.5,W273AR,PAW PAW,MI,0.25,42.306416666666664,85.65694444444445,113.0,102.5 & 104.9 THE BLOCK,"Townsquare License, LLC",R&B,,,,,Kalamazoo,183.0,False
102.5,W273BM,BENTON HARBOR,MI,0.25,42.07888888888889,86.46694444444445,62.0,WHFB 102.5 FM / 1060 AM,GERARD MEDIA LLC,R&B,,,,,,,False
102.5,W273CI,GRAND HAVEN,MI,0.25,43.225833333333334,86.18055555555556,79.0,SMILE FM MICHIGAN'S POSITIVE HITS,SMILE FM,Contemporary Christian,,,,,Muskegon,225.0,False
102.5,W273CR,EAST BAY TOWNSHIP,MI,0.01,44.76027777777778,85.68286111111112,165.0,BOB FM 104.5,MICHIGAN COMMUNITY RADIO,Adult Hits,,,,,Traverse City-Petoskey-Cadillac,178.0,False
102.5,W273DD,GRAND RAPIDS,MI,0.155,43.032805555555555,85.69641666666666,66.0,102.5 THE RIDE,"GOODRICH RADIO, LLC",R&B,,,,,Grand Rapids,68.0,False
102.7,W274BN,ALPENA,MI,0.25,45.03333333333333,83.48080555555556,48.0,,WEST CENTRAL MICHIGAN MEDIA MINISTRIES,Religious Teaching,,,,,,,False
102.7,W274AQ,BATTLE CREEK,MI,0.25,42.29227777777778,85.18277777777779,74.0,COOL 101,"MIDWEST COMMUNICATIONS, INC.",Oldies,Tigers,Lions,,,,,False
103.1,W276CZ,SAGINAW,MI,0.25,43.03086111111111,84.17802777777779,85.0,LA PODEROSA,"RADIO BY GRACE, INC.",Regional Mexican,,,,,,,False
103.1,W276DB,ROCHESTER HILLS,MI,0.25,42.64861111111111,83.07527777777777,101.0,FAMILY LIFE RADIO,"Relevant Radio, Inc.",Contemporary Christian,,,,,Detroit,13.0,False
103.3,W277AG,SAULT STE. MARIE,MI,0.026,46.48586111111111,84.33391666666667,78.0,WITNESSING HIS WONDERFUL LOVE,"GOSPEL OPPORTUNITIES, INC.",Religious Teaching,,,,,,,False
103.3,W277DY,PETOSKEY,MI,0.25,45.32138888888889,84.87583333333333,170.0,THE TALK STATION,"MACDONALD GARBER BROADCASTING, INC.",Talk,,,,,Traverse City-Petoskey-Cadillac,178.0,False
103.5,W278BX,SAGINAW,MI,0.03,43.47669444444445,83.9516388888889,76.0,SMILE FM MICHIGAN'S POSITIVE HITS,Smile FM,Contemporary Christian,,,,,Saginaw-Bay City-Midland,152.0,False
103.7,W279BP,JACKSON,MI,0.25,42.28780555555555,84.40022222222223,21.0,,"ELMER HESS, JR.",Religious Teaching,,,,,,,False
103.7,W279CC,ALPENA,MI,0.25,45.06333333333333,83.4341388888889,15.0,ROCK 105,"NORTHERN LIGHTS ENTERPRISES, INC.",Rock,,,,,,,False
103.9,W280DD,IRONWOOD,MI,0.01,46.479111111111116,90.14766666666668,5.3,WITNESSING HIS WONDERFUL LOVE,"GOSPEL OPPORTUNITIES, INC.",Religious Teaching,,,,,,,False
103.9,W280EL,YATES,MI,0.088,42.447805555555554,83.17297222222223,291.0,FREEDOM 1160,MICHIGAN COMMUNITY RADIO,Talk,,,,,Detroit,13.0,False
103.9,W280GB,Escanaba,MI,0.25,45.92916666666667,87.26972222222223,83.8,KX COUNTRY,"906 Delta, LLC",Country,,Lions,,,,,False
104.1,W281CG,TRAVERSE CITY,MI,0.25,44.75611111111111,85.67841666666668,134.0,THE SOURCE,"Northern Christian Radio, Inc.",Christian Contemporary,,,,,Traverse City-Petoskey-Cadillac,178.0,False
104.7,W284AH,LANSING,MI,0.25,42.720305555555555,84.51913888888889,95.0,,WEST CENTRAL MICHIGAN MEDIA MINISTRIES,Religious Teaching,,,,,Lansing-East Lansing,127.0,False
104.7,W284BQ,DETROIT,MI,0.25,42.60452777777778,82.91186111111112,56.0,FAMILY LIFE RADIO,"Relevant Radio, Inc.",Contemporary Christian,,,,,Detroit,13.0,False
104.7,W284DF,PETOSKEY,MI,0.25,45.32138888888889,84.87583333333333,164.0,THE TICKET,"MACDONALD GARBER BROADCASTING, INC.",Sports,Tigers,Lions,,,Traverse City-Petoskey-Cadillac,178.0,False
104.9,W285FO,GRAND RAPIDS,MI,0.25,42.95363888888889,85.6986388888889,167.0,MAGIC 104.9,"TOWNSQUARE MEDIA OF GRAND RAPIDS, INC.",R&B,,,,,Grand Rapids,68.0,False
105.1,W286AU,KALAMAZOO,MI,0.25,42.31447222222222,85.615,59.0,JETHRO FM,"KALAMAZOO BROADCASTING COMPANY, INC.",Country,,,,,Kalamazoo,183.0,False
105.1,W286BC,MARQUETTE,MI,0.25,46.603833333333334,87.62097222222222,213.0,MARQUETTE'S HIT COUNTRY,MEDIABREW COMMUNICATIONS MARQUETTE LLC,Country,,,,,,,False
105.1,W286CI,SAGINAW,MI,0.25,43.40419444444444,83.97108333333334,49.0,SMILE FM MICHIGAN'S POSITIVE HITS,Smile FM,Contemporary Christian,,,,,Saginaw-Bay City-Midland,152.0,False
105.3,W287CJ,NORWAY,MI,0.25,45.79111111111111,87.91858333333334,18.0,WISCONSIN'S RADIO VOICE OF THE MASTER,"WRVM, INC.",Religious Teaching,,,,,,,False
105.5,W288BK,ROCHESTER HILLS,MI,0.038,42.678638888888884,83.12438888888889,77.0,AIR1,EDUCATIONAL MEDIA FOUNDATION,Contemporary Christian,,,,,Detroit,13.0,False
105.5,W288BT,ST. CLAIR,MI,0.049,42.97697222222222,82.46436111111112,76.0,ROCK 105.5,"LIGGETT COMMUNICATIONS, LLC",Rock,,,,,Detroit,13.0,False
105.5,W288DW,SOUTHFIELD,MI,0.099,42.48363888888889,83.31216666666667,86.0,AVE MARIA RADIO,"Word Broadcasters, Inc.",Religious Teaching,,,,,Detroit,13.0,False
105.9,W290CO,IRON MOUNTAIN,MI,0.013,45.81388888888888,88.05163888888889,7.7,WISCONSIN'S RADIO VOICE OF THE MASTER,"WRVM, INC.",Religious Teaching,,,,,,,False
105.9,W290DM,MIDLAND,MI,0.15,43.629083333333334,84.16944444444445,76.0,AVE MARIA RADIO,"AM Media Services, LLC",Religious Teaching,,,,,Saginaw-Bay City-Midland,152.0,False
106.1,W291CJ,MARQUETTE,MI,0.25,46.603833333333334,87.62097222222222,158.0,106.1 THE SOUND,MEDIABREW COMMUNICATIONS MARQUETTE LLC,Soft AC,,,,,,,False
106.1,W291DE,CADILLAC,MI,0.25,44.22508333333334,85.40125,21.0,NEWS TALK 1240,"MACDONALD GARBER BROADCASTING, INC.",Talk,,,,,Traverse City-Petoskey-Cadillac,178.0,False
106.1,W291DJ,GRAND RAPIDS,MI,0.075,42.95166666666667,85.69888888888889,107.0,THE TICKET,Cumulus Media,Sports,,,,,Grand Rapids,68.0,False
106.1,W291DK,ST. JOSEPH,MI,0.25,42.07197222222223,86.37086111111111,123.0,SPORTS RADIO 96.1,"WSJM, INC.",Sports,,,,,,,False
106.1,W291DP,MENOMINEE,MI,0.25,45.066111111111105,87.66527777777779,9.1,CHRISTIAN INFORMATION RADIO,,Religious Teaching,,,,,,,False
106.3,W292DA,LINDEN,MI,0.055,42.825027777777784,83.78466666666667,49.0,YOUR FRIEND WFRN,EDUCATIONAL MEDIA FOUNDATION,Contemporary Christian,,,,,Flint,140.0,False
106.3,W292DK,WESTLAND,MI,0.099,42.44808333333333,83.17297222222223,260.0,AIR 1,EDUCATIONAL MEDIA FOUNDATION,Contemporary Christian,,,,,Detroit,13.0,False
106.3,W292FE,LUDINGTON,MI,0.25,43.91694444444444,86.43666666666667,55.0,GOOD TIME OLDIES,"SYNERGY MEDIA, INC.",Oldies,,,,,,,False
106.5,W293CA,FLINT,MI,0.25,43.01613888888889,83.64994444444446,87.0,VICTORY 600 AM,"CHRISTIAN BROADCASTING SYSTEM, LTD.",Religious Teaching,,,,,Flint,140.0,False
106.9,W295BP,HASLETT,MI,0.12,42.748472222222226,84.44780555555556,40.0,AIR1,EDUCATIONAL MEDIA FOUNDATION,Contemporary Christian,Tigers,Lions,,,Lansing-East Lansing,127.0,False
106.9,W295CL,KALAMAZOO,MI,0.2,42.29669444444444,85.6413888888889,59.0,WKZO 590 AM-106.9 FM,"MIDWEST COMMUNICATIONS, INC.",News,Tigers,Lions,,,Kalamazoo,183.0,False
106.9,W295CT,LAPEER,MI,0.25,43.07947222222223,83.30966666666666,64.0,GOSPEL 1230,THE CALVARY BIBLE CHURCH OF LAPEER,Religious Teaching,,,,,Detroit,13.0,False
106.9,W295CU,TAWAS CITY,MI,0.25,44.34030555555556,83.62163888888888,84.0,THE BAY`S BEST,"CARROLL ENTERPRISES, INC.",Talk,,,,,,,False
106.9,W295CX,MARQUETTE,MI,0.25,46.51430555555555,87.47797222222222,120.0,ROCKIN' EAGLE,Keweenaw Bay Indian Community,Classic Rock,,,,,,,False
106.9,W295DA,STURGIS,MI,0.25,41.806999999999995,85.40080555555556,48.0,RIVER COUNTRY 97.1,"IMPACT RADIO, LLC",Country,,,,,,,False
107.1,W296CG,DETROIT,MI,0.25,42.51133333333333,82.9593888888889,66.0,AIR 1,EDUCATIONAL MEDIA FOUNDATION,Contemporary Christian,,,,,Detroit,13.0,False
107.1,W296DY,DETROIT,MI,0.099,42.469750000000005,83.11519444444444,56.0,THE WORD AM 560,"WMUZ RADIO, INC.",Religious Teaching,,,,,Detroit,13.0,False
107.1,W296EJ,PETOSKEY,MI,0.099,45.32138888888889,84.87583333333333,170.0,106.7 STAR COUNTRY,"MACDONALD GARBER BROADCASTING, INC.",Country,,,,,Traverse City-Petoskey-Cadillac,178.0,False
107.3,W297CD,HANCOCK,MI,0.25,47.101305555555555,88.5915,54.0,GOOD TIME OLDIES,"J & J BROADCASTING, INC.",Oldies,,,,,,,False
107.5,W298BW,IRON MOUNTAIN,MI,0.01,45.82083333333334,88.04166666666667,27.0,K-LOVE,EDUCATIONAL MEDIA FOUNDATION,Contemporary Christian,,,,,,,False
107.5,W298CQ,NILES,MI,0.08,41.82319444444445,86.28405555555555,92.0,THE VOICE 1290 AM & 107.5 FM,MARION R. WILLIAMS,Classic Hits,,,,,,,False
107.7,W299BE,BIG RAPIDS,MI,0.25,43.663916666666665,85.482,93.0,NEWSRADIO 1460-107.7 WBRN,"MENTOR PARTNERS, INC.",Talk,Tigers,Lions,,Red Wings,,,False
107.7,W299CB,MANISTEE,MI,0.019,44.211111111111116,86.29813888888889,91.0,HITS 106,SMILE FM,Hot AC,,,,,Traverse City-Petoskey-Cadillac,178.0,False
107.7,W299CK,MIDLAND,MI,0.25,43.61475,84.22083333333333,44.0,SUNNY 97.7,"Black Diamond Broadcast Group, LLC",Classic Hits,,,,,Saginaw-Bay City-Midland,152.0,False
107.9,W300CO,DEXTER,MI,0.1,42.24625,83.84944444444444,59.0,AVE MARIA RADIO,Ave Maria Communications,Religious Teaching,,,,,Ann Arbor,151.0,False
107.9,W300DI,DEARBORN,MI,0.085,42.38944444444444,83.14805555555556,155.0,LA ZETA 1310,"ZAMORA BROADCASTING SYSTEMS, INC.",Regional Mexican,,,,,Detroit,13.0,False
89.5,WAHS,AUBURN HILLS,MI,2.4,42.62836111111111,83.2321388888889,42.0,AVONDALE COMMUNITY RADIO,WAHS-FM AVONDALE HIGH SCHOOL AVONDALE,Variety,,,,,Detroit,13.0,False
104.9,WAIR,LAKE CITY,MI,2.8,44.24888888888889,85.31338888888888,110.0,SMILE FM MICHIGAN'S POSITIVE HITS,SMILE FM,Contemporary Christian,,,,,,,False
99.3,WATZ-FM,ALPENA,MI,17.0,44.856944444444444,83.54275,203.0,TODAY'S COUNTRY 99.3,"WATZ Radio, Inc.",Country,,,,,,,False
90.7,WAUS,BERRIEN SPRINGS,MI,50.0,41.96169444444445,86.35055555555554,165.0,YOUR 24 HOUR CLASSICAL CONNECTION,ANDREWS BROADCASTING CORP.,Classical,,,,,,,True
93.9,WAVC,MIO,MI,30.0,44.72836111111111,84.36030555555556,90.0,,WEST CENTRAL MICHIGAN MEDIA MINISTRIES,Religious Teaching,,,,,,,False
107.3,WAWB-LP,WEST BRANCH,MI,0.1,44.27752777777778,84.2063888888889,29.0,,"WEST BRANCH SEVENTH DAY ADVENTIST BROADCASTING, INC.",Religious Teaching,,,,,,,False
103.5,WAWL-LP,GRAND HAVEN,MI,0.1,43.066972222222226,86.21505555555555,29.9,,TRI-CITIES BROADCASTING FOUNDATION,Variety,,,,,Grand Rapids,68.0,False
98.9,WAWM,PETOSKEY,MI,96.0,45.501444444444445,85.03025,182.0,AIR1,EDUCATIONAL MEDIA FOUNDATION,Contemporary Christian,,,,,Traverse City-Petoskey-Cadillac,178.0,False
98.9,WAXT-LP,WHITEHALL,MI,0.054,43.3925,86.32588888888888,22.0,REAL GOLD RADIO,"WHITE LAKE BROADCASTERS, INC",Oldies,,,,,Muskegon,225.0,False
93.5,WBCM,BOYNE CITY,MI,14.0,45.32416666666667,84.87894444444444,146.0,ROCK 97.5 WKLT,"WBCM RADIO, INC.",Rock,,,,,Traverse City-Petoskey-Cadillac,178.0,False
100.1,WBCH-FM,HASTINGS,MI,3.0,42.62613888888889,85.27805555555555,103.0,WORLD'S BEST COUNTRY HITS,BARRY BROADCASTING CO.,Country,,,,,,,False
95.3,WBCK,BATTLE CREEK,MI,3.0,42.28808333333333,85.16497222222223,94.0,BATTLE CREEK`S NEWS-TALK,"Townsquare License, LLC",Talk,,,,,,,False
93.7,WBCT,GRAND RAPIDS,MI,320.0,42.63225,85.53780555555555,251.0,B 93.7,iHeartMedia,Country,,,,,Grand Rapids,68.0,False
99.3,WBET-FM,STURGIS,MI,4.4,41.769777777777776,85.4191388888889,102.0,TRUE OLDIES,"SWICK BROADCASTING COMPANY, INC.",Classic Hits,,Lions,,,,,False
88.1,WBFH,BLOOMFIELD HILLS,MI,0.36,42.57780555555556,83.28605555555555,28.0,THE BIFF,BLOOMFIELD HILLS SCHOOL DISTRICT,Variety,,,,,Detroit,13.0,False
101.3,WBFX,GRAND RAPIDS,MI,50.0,43.04113888888889,85.35780555555554,121.0,BIG 101.3,iHeartMedia,Oldies,,,,,Grand Rapids,68.0,False
92.5,WBGV,MARLETTE,MI,3.0,43.28675,82.97166666666666,98.0,COUNTRY 92.5,GB BROADCASTING COMPANY,Country,,,,,,,False
96.5,WBHC-LP,BENTON HARBOR,MI,0.1,42.11530555555556,86.45361111111112,20.0,LIVE 96.5,BENTON HARBOR AREA SCHOOLS,Variety,,,,,,,False
90.7,WBHL,HARRISON,MI,10.0,43.954750000000004,84.54972222222221,130.0,STRONG TOWER RADIO,WEST CENTRAL MICHIGAN MEDIA MINISTRIES,Religious Teaching,,,,,,,False
89.3,WBLD,ORCHARD LAKE,MI,0.044,42.569750000000006,83.36102777777778,34.0,89.3 LAKES FM,WEST BLOOMFIELD SCHOOL DISTRICT,Variety,,,,,Detroit,13.0,False
88.9,WBLU-FM,GRAND RAPIDS,MI,0.65,42.98752777777778,85.62391666666666,107.0,BLUE LAKE PUBLIC RADIO,BLUE LAKE FINE ARTS CAMP,Classical,,,,,Grand Rapids,68.0,True
90.3,WBLV,TWIN LAKE,MI,100.0,43.55211111111111,86.042,182.9,BLUE LAKE PUBLIC RADIO,BLUE LAKE FINE ARTS CAMP,Classical,,,,,,,True
88.1,WBLW,GAYLORD,MI,5.0,45.169999999999995,84.75111111111111,116.0,88.1 THE LIVING WORD,"Grace Baptist Church of Gaylord, Michigan",Religious Teaching,,,,,Traverse City-Petoskey-Cadillac,178.0,False
105.5,WBMI,WEST BRANCH,MI,6.0,44.299194444444446,84.265,91.0,SMILE FM MICHIGAN'S POSITIVE HITS,Smile FM,Contemporary Christian,,,,,,,False
93.3,WBSV-LP,BERRIEN SPRINGS,MI,0.066,41.92363888888889,86.28222222222222,23.0,,"LELAND STRAW MEMORIAL EDUCATIONAL FUND, INC.",Variety,,,,,,,False
96.9,WBTI,LEXINGTON,MI,3.0,43.209472222222225,82.53602777777778,115.0,96.9 WBTI,"LIGGETT COMMUNICATIONS, L.L.C.",Hot AC,,,,,,,False
104.9,WBXX,MARSHALL,MI,6.0,42.31447222222222,84.92880555555556,85.0,102.5 & 104.9 THE BLOCK,"Townsquare License, LLC",R&B,,,,,,,False
103.9,WBZX,BIG RAPIDS,MI,6.0,43.66225,85.3333611111111,45.7,B103.9,"UP NORTH RADIO, LLC",Classic Hits,,,,,,,False
88.3,WCBN-FM,ANN ARBOR,MI,1.4,42.29669444444444,83.69827777777778,43.0,,REGENTS OF THE UNIVERSITY OF MICHIGAN,Variety,,,,,Ann Arbor,151.0,False
107.5,WCCW-FM,TRAVERSE CITY,MI,50.0,44.76722222222222,85.6906388888889,71.0,GOOD TIME ROCK AND ROLL,"WCCW Radio, Inc.",Classic Hits,,,,,Traverse City-Petoskey-Cadillac,178.0,False
107.9,WCDY,MCBAIN,MI,3.1,44.17111111111111,85.33722222222222,109.0,"THE NEW 107.9 CDY, CADILLAC'S HITS WITHOUT THE RAP.","UP NORTH RADIO, LLC",Adult Contemporary,,,,,Traverse City-Petoskey-Cadillac,178.0,False
94.5,WCEN-FM,HEMLOCK,MI,100.0,43.72669444444445,84.60444444444444,291.0,94.5 THE MOOSE,ALPHA MEDIA LICENSEE LLC,Country,,,,,Saginaw-Bay City-Midland,152.0,False
90.9,WCFG,SPRINGFIELD,MI,0.7,42.355583333333335,85.3411111111111,95.0,FAMILY FRIENDLY 91.3 WCSG,CORNERSTONE UNIVERSITY,Contemporary Christian,,,,,Kalamazoo,183.0,False
95.3,WCFX,CLARE,MI,6.0,43.74252777777778,84.80530555555555,81.0,95-3 CFX TODAY'S BEST MUSIC,"Black Diamond Broadcast Group, LLC",Hot AC,,,,,,,False
91.3,WCHW-FM,BAY CITY,MI,0.11,43.588638888888894,83.87441666666666,36.0,WCHW 91.3,"SCHOOL DISTRICT, BAY CITY",Rock,,,,,Saginaw-Bay City-Midland,152.0,False
97.7,WCHY,CHEBOYGAN,MI,3.4,45.650277777777774,84.34363888888889,128.0,TALK AND SUPER HITS!,MICHIGAN BROADCASTERS LLC,Talk,Tigers,,,,Traverse City-Petoskey-Cadillac,178.0,False
107.1,WCKC,CADILLAC,MI,2.75,44.17111111111111,85.33699999999999,118.0,107.1 THE DRIVE,"UP NORTH RADIO, LLC",Classic Rock,,,,,Traverse City-Petoskey-Cadillac,178.0,False
95.7,WCMB-FM,OSCODA,MI,25.0,44.67333333333333,83.51830555555556,199.0,WCMU PUBLIC RADIO,CENTRAL MICHIGAN UNIVERSITY,News,,,,,,,True
91.7,WCML-FM,ALPENA,MI,92.0,45.13813888888889,84.16211111111112,315.0,WCMU PUBLIC RADIO,CENTRAL MICHIGAN UNIVERSITY,News,,,,,,,True
102.5,WCMM,GULLIVER,MI,60.0,45.966638888888895,86.48819444444445,200.0,WCMM 102.5 THE MOOSE,"AMC PARTNERS ESCANABA, LLC",Country,,Lions,,,,,False
89.5,WCMU-FM,MOUNT PLEASANT,MI,100.0,43.57586111111112,84.77472222222222,128.0,WCMU PUBLIC RADIO,CENTRAL MICHIGAN UNIVERSITY,News,,,,,,,True
94.3,WCMV-FM,LELAND,MI,20.5,44.77194444444444,85.68286111111112,140.0,WCMU PUBLIC RADIO,Central Michigan University,News,,,,,Traverse City-Petoskey-Cadillac,178.0,True
103.9,WCMW-FM,HARBOR SPRINGS,MI,12.0,45.50222222222222,85.02894444444445,182.0,WCMU PUBLIC RADIO,CENTRAL MICHIGAN UNIVERSITY,News,,,,,Traverse City-Petoskey-Cadillac,178.0,True
98.3,WCMZ-FM,SAULT STE. MARIE,MI,25.0,46.48613888888889,84.23030555555556,47.0,WCMU PUBLIC RADIO,CENTRAL MICHIGAN UNIVERSITY,News,,,,,,,True
102.1,WCPP-LP,IRONWOOD,MI,0.012,46.59827777777778,90.08794444444445,14.0,,COPPER PEAK INCORPORATED,Variety,,,,,,,False
88.9,WCRR,MANISTIQUE,MI,24.5,45.966638888888895,86.48825000000001,169.2,K-LOVE,"CHRISTIANRADIOBROADCASTING.ORG, INC.",Contemporary Christian,,,,,,,False
107.9,WCRZ,FLINT,MI,50.0,42.98030555555556,83.57772222222222,104.0,CARS 108,"TOWNSQUARE MEDIA OF FLINT, INC.",Adult Contemporary,,,,,Flint,140.0,False
91.3,WCSG,GRAND RAPIDS,MI,37.0,42.79613888888889,85.64944444444446,92.0,FAMILY FRIENDLY 91.3,CORNERSTONE UNIVERSITY,Contemporary Christian,,,,,Grand Rapids,68.0,False
92.1,WCSR-FM,HILLSDALE,MI,6.0,41.92808333333333,84.63605555555556,82.0,RADIO HILLSDALE,"MCKIBBIN MEDIA GROUP, INC.",Adult Contemporary,,Lions,,,,,False
94.7,WCSX,BIRMINGHAM,MI,13.5,42.45363888888889,83.16380555555556,287.0,94.7 WCSX,"BEASLEY MEDIA GROUP LICENSES, LLC",Classic Rock,,,,,Detroit,13.0,False
103.7,WCSY-FM,SOUTH HAVEN,MI,3.0,42.30058333333333,86.2508611111111,85.0,COSY,WSJM INC,Classic Hits,Tigers,,,,,,False
88.5,WCTP,GAGETOWN,MI,6.0,43.76002777777778,83.09577777777777,92.0,SMILE FM,Smile FM,Contemporary Christian,,,,,,,False
105.7,WCUP,L'ANSE,MI,100.0,47.10075,88.56538888888889,133.0,EAGLE COUNTRY,KEWEENAW BAY INDIAN COMMUNITY,Country,,Packers,,,,,False
94.7,WCVM,BRONSON,MI,4.0,41.74172222222222,85.24219444444445,119.0,FAMILY FRIENDLY - COMMERCIAL FREE,"TAYLOR UNIVERSITY BROADCASTING, INC.",Contemporary Christian,,,,,,,False
89.9,WCXB,BENTON HARBOR,MI,0.25,42.07197222222223,86.37058333333333,83.0,FAMILY FRIENDLY 91.3 WCSG,CORNERSTONE UNIVERSITY,Contemporary Christian,,,,,,,False
88.3,WCXK,KALAMAZOO,MI,10.0,42.306416666666664,85.65694444444445,81.0,FAMILY FRIENDLY 91.3 WCSG,CORNERSTONE UNIVERSITY,Contemporary Christian,,,,,Kalamazoo,183.0,False
98.3,WCXT,HARTFORD,MI,3.7,42.25391666666667,86.3358611111111,128.0,LIVE 96.1 98.3,WSJM INC,Rock,,,,,,,False
103.7,WCZE,HARBOR BEACH,MI,43.0,43.686138888888884,82.99438888888889,134.0,POSITIVE COUNTRY 103.7,JENNIFER & EDWARD CZELADA,Country,,,,,,,False
104.3,WCZY-FM,MOUNT PLEASANT,MI,3.0,43.59419444444445,84.82388888888889,104.0,MY 104.3,"LATITUDE MEDIA, LLC",Adult Contemporary,,,,,,,False
88.9,WDBM,EAST LANSING,MI,2.0,42.70558333333334,84.47497222222222,84.0,IMPACT 89 FM,BD OF TRUSTEE OF MICHIGAN STATE UNIV,Variety,,,,,Lansing-East Lansing,127.0,False
97.3,WDEE-FM,REED CITY,MI,2.85,43.781416666666665,85.61616666666666,55.0,SUNNY 97.3,STEVEN V. BEILFUSS,Oldies,,,,,,,False
101.9,WDET-FM,DETROIT,MI,48.0,42.35169444444445,83.06325,163.0,DETROIT'S NPR STATION,WAYNE STATE UNIVERSITY,News,,,,,Detroit,13.0,True
102.7,WDKL,MOUNT CLEMENS,MI,36.0,42.471111111111114,83.20027777777779,174.0,K-LOVE,EDUCATIONAL MEDIA FOUNDATION,Contemporary Christian,,,,,Detroit,13.0,False
105.9,WDMK,DETROIT,MI,20.0,42.47113888888889,83.20075,223.0,105.9 KISS FM,"BEASLEY MEDIA GROUP LICENSES, LLC",R&B,,,,,Detroit,13.0,False
91.9,WDPW,GREENVILLE,MI,4.0,43.08669444444445,85.31638888888888,46.0,POWER 91.9,LARLEN COMMUNICATIONS INC.,Religious Teaching,,,,,Grand Rapids,68.0,False
89.9,WDRQ,Imlay City,MI,0.1,43.025277777777774,83.07083333333333,9.0,,Full Potential Ministry,,,,,,Detroit,13.0,False
88.3,WDTE,GROSSE POINT SHORES,MI,5.5,42.47408333333333,82.88563888888889,48.8,SMILE FM MICHIGAN'S POSITIVE HITS,SMILE FM,Contemporary Christian,,,,,Detroit,13.0,False
89.5,WDTP,HURON TOWNSHIP,MI,0.7,42.16225,83.20547222222223,92.0,SMILE FM MICHIGAN'S POSITIVE HITS,SMILE FM,Contemporary Christian,,,,,Detroit,13.0,False
88.9,WDTR,IMLAY CITY,MI,3.2,42.869194444444446,83.14519444444446,37.0,SMILE FM MICHIGAN'S POSITIVE HITS,MICHIGAN COMMUNITY RADIO,Contemporary Christian,,,,,Detroit,13.0,False
96.3,WDVD,DETROIT,MI,20.0,42.45363888888889,83.16380555555556,238.0,96.3 WDVD,Cumulus Media,Hot AC,,,,,Detroit,13.0,False
98.7,WDZH,DETROIT,MI,50.0,42.39502777777778,83.14936111111112,135.0,ALT 98.7,"Audacy License, LLC",Rock,,,,,Detroit,13.0,False
92.7,WDZZ-FM,FLINT,MI,3.0,43.04141666666666,83.69105555555556,101.8,Z 92.7 FM,Cumulus Media,R&B,,,,,Flint,140.0,False
100.5,WEEH-LP,HART,MI,0.06,43.67472222222222,86.42258333333334,21.0,WE-FM THE OLDIES STATION,"OCEANA BROADCASTERS, INC",Oldies,,,,,,,False
88.3,WEJC,WHITE STAR,MI,55.0,43.70444444444445,84.01027777777777,118.0,SMILE FM MICHIGAN'S POSITIVE HITS,SMILE FM,Contemporary Christian,,,,,Saginaw-Bay City-Midland,152.0,False
89.1,WEMU,YPSILANTI,MI,15.5,42.26336111111111,83.62605555555555,91.0,"JAZZ, NEWS, BLUES",EASTERN MICHIGAN UNIVERSITY,Jazz,,,,,Ann Arbor,151.0,True
94.3,WERW,MONROE,MI,0.078,41.91866666666667,83.43716666666667,31.2,REWIND 94-3,"MONROE PUBLIC ACCESS CABLE TELEVISION, INC.",80'S Hits,,,,,Detroit,13.0,False
98.1,WEUL,KINGSFORD,MI,1.0,45.83391666666667,88.08819444444444,38.0,WITNESSING HIS WONDERFUL LOVE,"GOSPEL OPPORTUNITIES, INC.",Religious Teaching,,,,,,,False
102.1,WFAH-LP,FLINT,MI,0.06,43.07780555555556,83.7155,32.0,,GREATER FLINT ARTS COUNCIL,Variety,,,,,Flint,140.0,False
95.1,WFBE,FLINT,MI,34.0,42.97391666666667,83.65022222222223,102.0,B95,Cumulus Media,Country,,,,,Flint,140.0,False
100.7,WFCB-LP,FERNDALE,MI,0.1,42.460861111111114,83.13547222222223,15.5,FERNDALE RADIO,"UNDERWOOD V RADIO, INC.",Variety,,,,,Detroit,13.0,False
92.5,WFDX,ATLANTA,MI,100.0,45.016666666666666,84.35277777777777,182.0,THE SOURCE,Northern Christian Radio,Christian Contemporary,,,,,,,False
100.9,WFFR-LP,ROOSEVELT PARK,MI,0.1,43.19102777777778,86.26708333333333,27.0,,"SHORELINE BROADCASTING, INC",Classic Hits,,,,,Muskegon,225.0,False
98.7,WFGR,GRAND RAPIDS,MI,2.75,43.03252777777778,85.69641666666666,128.0,98.7 THE GRAND,"TOWNSQUARE MEDIA OF GRAND RAPIDS, INC.",Classic Hits,,,,,Grand Rapids,68.0,False
99.1,WFMK,EAST LANSING,MI,28.0,42.67586111111111,84.49997222222223,187.0,WFMK 99.1,"Townsquare License, LLC",Adult Contemporary,,,,,Lansing-East Lansing,127.0,False
92.1,WFOV-LP,FLINT,MI,0.1,43.061388888888885,83.715,15.0,OUR VOICES RADIO,FLINT ODYSSEY HOUSE INC,Variety,,,,,Flint,140.0,False
99.5,WFPM-LP,BATTLE CREEK,MI,0.1,42.30891666666666,85.17136111111111,30.0,,First Pentecostal Family Worship Center,Religious Teaching,,,,,,,False
91.1,WFUM,FLINT,MI,17.5,42.89919444444445,83.46161111111111,159.0,MICHIGAN PUBLIC,Regents of the University of Michigan,News,,,,,Flint,140.0,True
103.3,WFXD,MARQUETTE,MI,100.0,46.603833333333334,87.62097222222222,185.0,103 FXD,MEDIABREW COMMUNICATIONS MARQUETTE LLC,Country,,,,,,,False
91.9,WGCP,CADILLAC,MI,2.65,44.27583333333333,85.71338888888889,199.0,STRONG TOWER RADIO,WEST CENTRAL MICHIGAN MEDIA MINISTRIES,Religious Teaching,,,,,Traverse City-Petoskey-Cadillac,178.0,False
103.1,WGDN-FM,GLADWIN,MI,11.5,43.954750000000004,84.54972222222221,146.0,COYOTE COUNTRY 103.1,"APPLE BROADCASTING COMPANY, INC.",Country,,,,,,,False
106.3,WGER,SAGINAW,MI,4.4,43.47669444444445,83.9516388888889,119.0,THE CORE,Alpha Media Licensee LLC,Rock,,,,,Saginaw-Bay City-Midland,152.0,False
95.5,WGFE,GLEN ARBOR,MI,21.0,44.821111111111115,85.99647222222222,116.0,ROCK 105 AND 95.5,"BLACK DIAMOND BROADCAST HOLDINGS, LLC",Rock,,,,,Traverse City-Petoskey-Cadillac,178.0,False
105.1,WGFM,CHEBOYGAN,MI,43.0,45.169999999999995,84.75113888888889,156.0,ROCK 105 AND 95.5,"BLACK DIAMOND BROADCAST HOLDINGS, LLC",Rock,,,,,Traverse City-Petoskey-Cadillac,178.0,False
98.1,WGFN,GLEN ARBOR,MI,21.0,44.821111111111115,85.99647222222222,116.0,THE BEAR 98.1 & 95.3,"BLACK DIAMOND BROADCAST HOLDINGS, LLC",Classic Rock,,Lions,,,Traverse City-Petoskey-Cadillac,178.0,False
91.1,WGGL-FM,HOUGHTON,MI,100.0,47.03630555555555,88.69541666666667,104.0,MPR NEWS/CLASSICAL MPR,Minnesota Public Radio,News,,,,,,,True
92.1,WGHN-FM,GRAND HAVEN,MI,6.0,43.06861111111112,86.14222222222223,52.0,92.1 WGHN,"WGHN, INC.",Adult Contemporary,,Lions,,,Grand Rapids,68.0,False
98.7,WGLI,HANCOCK,MI,52.0,47.10075,88.56538888888889,133.0,ROCKIN' EAGLE,KEWEENAW BAY INDIAN COMMUNITY,Classic Rock,,,,,,,False
91.3,WGJU,EAST TAWAS,MI,20.0,44.27363888888889,83.66330555555557,80.0,RELEVANT RADIO,"RELEVANT RADIO, INC.",Religious Teaching,,,,,,,False
105.5,WGKL,GLADSTONE,MI,10.0,45.80469444444444,87.17097222222223,104.0,KOOL 105.5 FM WGKL,"AMC PARTNERS ESCANABA, LLC",Classic Hits,,,,,,,False
88.7,WGKZ-LP,QUINESEC,MI,0.1,45.81805555555556,88.06572222222222,22.0,,"Kingsford Community Radio, Inc.",Classic Hits,,,,,,,False
106.3,WGLM-FM,LAKEVIEW,MI,3.0,43.405027777777775,85.26558333333334,75.0,M 106.3,JAM Radio LLC,Adult Hits,,,,,,,False
93.5,WGLN-LP,CEDAR LAKE,MI,0.064,43.40113888888889,84.97611111111111,37.0,,GREAT LAKES ADVENTIST ACADEMY,Religious Teaching,,,,,,,False
97.1,WGLQ,ESCANABA,MI,100.0,46.134388888888886,86.94791666666667,326.0,GLQ 97.1 FM,"AMC PARTNERS ESCANABA, LLC",Contemporary Hit Radio,,Packers,,,,,False
106.3,WGMV,STEPHENSON,MI,50.0,45.64330555555556,87.37708333333333,138.0,MAVERICK 106.3,"AMC PARTNERS ESCANABA, LLC",Country,,,,,,,False
89.3,WGNB,ZEELAND,MI,30.0,42.83722222222222,85.98805555555556,139.0,MOODY RADIO,THE MOODY BIBLE INSTITUTE OF CHICAGO,Religious Teaching,,,,,Grand Rapids,68.0,False
88.5,WGNC-FM,CONSTANTINE,MI,15.0,41.897555555555556,85.56416666666667,102.0,GOD N' COUNTRY 88.5,"CHRISTIAN RADIO FRIENDS, INC.",Country,,,,,,,False
92.9,WGPG-LP,BATTLE CREEK,MI,0.1,42.33419444444445,85.20663888888889,30.5,LIFETALK NETWORK,BATTLE CREEK COMMUNITY RADIO,Religious Teaching,,,,,,,False
107.5,WGPR,DETROIT,MI,50.0,42.35780555555556,83.06519444444444,123.5,HOT 107.5,"W.G.P.R., Inc.",Hip Hop,,,,,Detroit,13.0,False
97.9,WGRD-FM,GRAND RAPIDS,MI,13.0,42.79613888888889,85.64944444444446,99.0,WGRD 97.9 FM,"TOWNSQUARE MEDIA OF GRAND RAPIDS, INC.",Rock,,,,,Grand Rapids,68.0,False
102.3,WGRT,PORT HURON,MI,3.0,43.06891666666667,82.47991666666667,113.0,WGRT 102.3 FM,"PORT HURON FAMILY RADIO, INC.",Adult Contemporary,,,,,Detroit,13.0,False
101.1,WGRY-FM,ROSCOMMON,MI,3.4,44.570861111111114,84.69252777777778,59.0,UP NORTH SPORTS,"BLARNEY STONE BROADCASTING, INC.",Sports,Tigers,,,Red Wings,,,False
95.3,WGVS-FM,WHITEHALL,MI,2.0,43.35388888888889,86.32727777777778,110.1,WGVU 88.5 & 95.3FM,GRAND VALLEY STATE UNIVERSITY,News,,,,,Muskegon,225.0,True
88.5,WGVU-FM,ALLENDALE,MI,4.0,43.05669444444444,85.96033333333334,87.0,WGVU 88.5 & 95.3FM,GRAND VALLEY STATE UNIVERSITY,News,,,,,Grand Rapids,68.0,True
88.9,WGZR,ALPENA,MI,1.5,44.856944444444444,83.54277777777777,188.0,RELEVANT RADIO,"RELEVANT RADIO, INC.",Religious Teaching,,,,,,,False
99.9,WHAK-FM,ROGERS CITY,MI,50.0,45.39805555555556,83.92194444444445,78.0,THE WAVE,Edwards Communications LC,Oldies,Tigers,Lions,,,,,False
90.1,WHBP,Harbor Springs,MI,1.2,45.501444444444445,85.03025,159.0,IPR NEWS RADIO,Interlochen Arts Group,News,,,,,Traverse City-Petoskey-Cadillac,178.0,True
99.9,WHCH,CUSTER,MI,3.0,43.97222222222222,86.27916666666667,90.0,HOT COUNTRY HITS,"Hit Radio Media, LLC",Country,,,,,,,False
88.9,WHEY,NORTH MUSKEGON,MI,1.0,43.27916666666667,86.34227777777777,41.0,HEY RADIO 88.9FM,MUSKEGON COMMUNITY RADIO BROADCAST COMPANY,Christian Rock,,,,,Muskegon,225.0,False
89.3,WHFR,DEARBORN,MI,0.27,42.32391666666667,83.23575,35.0,MAKING WAVES,HENRY FORD COLLEGE,Variety,,,,,Detroit,13.0,False
102.3,WHKB,HOUGHTON,MI,6.0,47.13491666666667,88.56483333333333,97.0,K-BEAR 102.3,Queen Bee's Knees LLC,Country,,,,,,,False
93.5,WHMI-FM,HOWELL,MI,5.2,42.66308333333333,83.93966666666667,108.0,WHMI 93.5 FM,KROL COMMUNICATIONS INC.,Classic Hits,,,,,Detroit,13.0,False
96.1,WHNN,BAY CITY,MI,100.0,43.55280555555555,83.68997222222222,315.0,MY 96.1,Cumulus Media,Adult Contemporary,,,,,Saginaw-Bay City-Midland,152.0,False
92.1,WHPD,DOWAGIAC,MI,3.3,41.99780555555556,86.05388888888889,61.0,"POSITIVE HITS, PULSE FM",FAMILY BROADCASTING CORPORATION,Contemporary Christian,,,,,,,False
88.1,WHPR-FM,HIGHLAND PARK,MI,0.012,42.40808333333333,83.09158333333333,38.0,POWER TALK RADIO,R.J.'S LATE NIGHT ENTERTAINMENT CORPORATION,Oldies,,,,,Detroit,13.0,False
107.7,WHSB,ALPENA,MI,100.0,45.062777777777775,83.71555555555555,135.0,107.7 THE BAY,Edwards Communications LC,Hot AC,,,,,,,False
94.1,WHST,PIGEON,MI,15.0,43.89113888888889,83.12383333333332,134.0,THE THUMB'S HOTTEST COUNTRY,"Thumb Broadcasting, Inc.",Country,,,,,,,False
106.7,WHTO,IRON MOUNTAIN,MI,6.1,45.82077777777778,88.04347222222222,69.0,THE MOUNTAIN 106.7,"RESULTS BROADCASTING OF IRON MOUNTAIN, INC.",Oldies,,,,,,,False
105.3,WHTS,COOPERSVILLE,MI,20.0,43.309749999999994,85.91255555555556,229.0,105.3 HOT FM,Cumulus Media,Contemporary Hit Radio,,,,,,,False
89.9,WHWG,TROUT LAKE,MI,1.0,46.18805555555555,84.94616666666667,62.0,WITNESSING HIS WONDERFUL LOVE,"GOSPEL OPPORTUNITIES, INC.",Religious Teaching,,,,,,,False
95.7,WHWL,MARQUETTE,MI,100.0,46.49875,87.41772222222222,112.0,WITNESSING HIS WONDERFUL LOVE,"GOSPEL OPPORTUNITIES, INC.",Religious Teaching,,,,,,,False
103.7,WHYB,MENOMINEE,MI,13.0,45.06608333333333,87.6653888888889,89.0,CLASSIC HITS 103.7,"RADIO PLUS BAY CITIES, LLC",Classic Hits,,,,,,,False
88.1,WHYT,GOODLAND TOWNSHIP,MI,0.4,43.17502777777778,83.06716666666667,120.0,SMILE FM MICHIGAN'S POSITIVE HITS,SMILE FM,Contemporary Christian,,,,,Detroit,13.0,False
101.7,WHZZ,LANSING,MI,4.1,42.69141666666666,84.55802777777778,128.0,101.7 MIKE FM,THE MACDONALD BROADCASTING COMPANY,Adult Hits,,,,,Lansing-East Lansing,127.0,False
88.7,WIAA,INTERLOCHEN,MI,100.0,44.275888888888886,85.71352777777778,225.0,CLASSICAL IPR,Interlochen Center for the Arts,Classical,,,,,Traverse City-Petoskey-Cadillac,178.0,True
88.5,WIAB,MACKINAW CITY,MI,50.0,45.501444444444445,85.03025,142.0,CLASSICAL IPR,Interlochen Arts Group,Classical,,,,,Traverse City-Petoskey-Cadillac,178.0,True
91.5,WICA,TRAVERSE CITY,MI,4.0,44.75611111111111,85.67841666666668,139.0,IPR NEWS RADIO,Interlochen Arts Group,News,,,,,Traverse City-Petoskey-Cadillac,178.0,True
92.1,WIDL,CASS CITY,MI,25.0,43.61522222222222,83.07847222222222,71.9,I-92,Edwards Communications LC,Classic Rock,,Lions,,,,,False
89.1,WIDR,KALAMAZOO,MI,0.1,42.28197222222222,85.61805555555554,41.0,RADIO EVOLUCI,WESTERN MICHIGAN UNIVERSITY,Adult Alternative,,,,,Kalamazoo,183.0,False
97.9,WIHC,NEWBERRY,MI,50.0,46.44947222222222,85.10119444444445,109.0,,WEST CENTRAL MICHIGAN MEDIA MINISTRIES,Religious Teaching,,,,,,,False
99.1,WIKB-FM,IRON RIVER,MI,60.0,46.10077777777778,88.53983333333333,81.0,,Queen Bee's Knees LLC,Classic Rock,,,,,,,False
104.5,WILZ,SAGINAW,MI,2.9,43.392805555555555,83.92413888888889,123.0,WHEELS,Cumulus Media,Classic Rock,,,,,Saginaw-Bay City-Midland,152.0,False
99.7,WIMI,IRONWOOD,MI,100.0,46.42161111111111,90.24961111111111,84.0,THE STORM 99.7 & 102.3,"J & J BROADCASTING, INC.",Classic Rock,,Packers,,,,,False
93.1,WIMK,IRON MOUNTAIN,MI,100.0,45.82077777777778,88.04180555555556,49.0,93.1 KROCK,"AMC PARTNERS ESCANABA, LLC",Rock,,Lions,,,,,False
102.5,WIOG,BAY CITY,MI,86.0,43.47336111111111,83.84441666666666,248.0,102.5 WIOG,Cumulus Media,Contemporary Hit Radio,,,,,Saginaw-Bay City-Midland,152.0,False
107.1,WIRX,ST. JOSEPH,MI,1.2,42.07197222222223,86.37055555555555,137.0,ROCK 107 WIRX,"WSJM, INC.",Rock,,Lions,,,,,False
97.5,WJIM-FM,LANSING,MI,45.0,42.67586111111111,84.49997222222223,157.0,97.5 NOW FM,"Townsquare License, LLC",Contemporary Hit Radio,,,,,Lansing-East Lansing,127.0,False
97.9,WJLB,DETROIT,MI,50.0,42.40613888888889,83.11213888888888,144.0,DETROIT'S HIP-HOP & R&B,iHeartMedia,Hip Hop,,,,,Detroit,13.0,False
89.7,WJOJ,RUST TOWNSHIP,MI,31.0,44.70333333333333,83.52413888888888,90.0,SMILE FM MICHIGAN'S POSITIVE HITS,NORTHLAND COMMUNITY BROADCASTERS,Contemporary Christian,,,,,,,False
101.5,WJNR-FM,IRON MOUNTAIN,MI,52.0,45.82077777777778,88.04347222222222,53.0,FROG COUNTRY 101.5,"RESULTS BROADCASTING OF IRON MOUNTAIN, INC.",Country,,Packers,,,,,False
91.3,WJOG,GOOD HART,MI,6.0,45.50875,85.0363888888889,77.7,SMILE FM MICHIGAN'S POSITIVE HITS,MICHIGAN COMMUNITY RADIO,Contemporary Christian,,,,,Traverse City-Petoskey-Cadillac,178.0,False
91.5,WJOH,RACO,MI,5.5,46.39113888888889,84.4645,100.0,SMILE FM MICHIGAN'S POSITIVE HITS,MICHIGAN COMMUNITY RADIO,Contemporary Christian,,,,,,,False
88.5,WJOM,EAGLE,MI,25.0,42.80697222222222,84.78830555555555,30.0,SMILE FM MICHIGAN'S POSITIVE HITS,MICHIGAN COMMUNITY RADIO,Contemporary Christian,,,,,Lansing-East Lansing,127.0,False
92.3,WJPD,ISHPEMING,MI,100.0,46.51411111111111,87.48291666666667,102.0,FRESH COUNTRY 92.3,"AMC PARTNERS ESCANABA, LLC",Country,,Lions,,,,,False
99.3,WJQK,ZEELAND,MI,4.7,42.81641666666666,85.95669444444445,116.0,JOY 99,LANSER BROADCASTING CORPORATION,Contemporary Christian,,,,,Grand Rapids,68.0,False
92.5,WJSZ,ASHLEY,MI,4.0,43.182249999999996,84.45083333333334,129.0,Z 92.5 THE CASTLE,KROL COMMUNICATIONS INC.,Adult Contemporary,,,,,,,False
97.3,WJWC-LP,GRAND RAPIDS,MI,0.049,42.98277777777778,85.66527777777779,65.0,THE HEAT/EL CALOR 97-3 FM,EMPOWERMENT RADIO PROJECT,Spanish Hits,,,,,Grand Rapids,68.0,False
106.1,WJXQ,CHARLOTTE,MI,49.0,42.39169444444445,84.62302777777776,144.8,Q-106,"MIDWEST COMMUNICATIONS, INC.",Rock,,,,,,,False
92.9,WJZQ,CADILLAC,MI,100.0,44.594722222222224,85.19811111111112,198.0,Z93,"WKJF Radio, Inc.",Contemporary Hit Radio,,,,,Traverse City-Petoskey-Cadillac,178.0,False
93.7,WKAD,HARRIETTA,MI,4.3,44.278055555555554,85.59116666666667,99.0,THE TICKET,"MacDonald Garber Broadcasting, Inc.",Sports,Tigers,Lions,,,Traverse City-Petoskey-Cadillac,178.0,False
90.5,WKAR-FM,EAST LANSING,MI,87.0,42.701972222222224,84.41330555555557,276.5,YOUR CLASSICAL MUSIC STATION,"BOARD OF TRUSTEES, MICHIGAN STATE UNIVERSITY",News,,,,,Lansing-East Lansing,127.0,True
98.1,WKCQ,SAGINAW,MI,50.0,43.41780555555555,83.91830555555556,147.0,MID MICHIGAN'S MOST COUNTRY,THE MACDONALD BROADCASTING COMPANY,Country,,,,,Saginaw-Bay City-Midland,152.0,False
89.9,WKDS,KALAMAZOO,MI,0.14,42.24336111111111,85.57194444444444,42.0,CLASSICAL WMUK,WESTERN MICHIGAN UNIVERSITY,Classical,,,,,Kalamazoo,183.0,True
103.3,WKFR-FM,BATTLE CREEK,MI,50.0,42.355583333333335,85.3411111111111,135.0,103.3 WKFR - TODAY'S BEST MUSIC,"Townsquare License, LLC",Contemporary Hit Radio,,,,,Kalamazoo,183.0,False
105.3,WKHM-FM,BROOKLYN,MI,2.2,42.15391666666667,84.40188888888889,91.0,K105 JACKSON'S HIT MUSIC,"MCKIBBIN MEDIA GROUP, INC.",Contemporary Hit Radio,,,,,,,False
105.9,WKHQ-FM,CHARLEVOIX,MI,100.0,45.180277777777775,85.09727777777778,171.0,106 KHQ,"MACDONALD GARBER BROADCASTING, INC",Contemporary Hit Radio,,,,,Traverse City-Petoskey-Cadillac,178.0,False
88.3,WKIW,IRONWOOD,MI,0.3,46.44105555555555,90.19072222222222,94.0,K-LOVE,EDUCATIONAL MEDIA FOUNDATION,Contemporary Christian,,,,,,,False
104.7,WKJC,TAWAS CITY,MI,50.0,44.41336111111111,83.62052777777777,132.0,NORTHERN MICHIGAN'S COUNTRY LEADER,"CARROLL ENTERPRISES, INC.",Country,,,,,,,False
94.9,WKJZ,HILLMAN,MI,50.0,45.020833333333336,83.9225,119.0,HITS FM,"CARROLL ENTERPRISES, INC.",Classic Hits,,,,,,,False
91.5,WKKM,SPEAKER TOWNSHIP,MI,2.0,43.17552777777777,83.06733333333332,102.0,SMILE FM MICHIGAN'S POSITIVE HITS,SMILE FM,Contemporary Christian,,,,,,,False
106.5,WKKM-LP,HARRISON,MI,0.083,44.01725,84.79891666666667,18.0,THE COUNTRY KING,Hope Baptist Church of Harrison,Country,,,,,,,False
96.3,WKLA-FM,LUDINGTON,MI,3.4,43.91694444444444,86.43675,58.0,96-3 KLA,"SYNERGY MEDIA, INC",Hot AC,,,,,,,False
94.5,WKLQ,HOLLAND,MI,50.0,42.855583333333335,85.96252777777778,142.0,THE Q 94.5,Cumulus Media,Adult Alternative,,,,,Grand Rapids,68.0,False
97.5,WKLT,KALKASKA,MI,32.0,44.79138888888889,85.23894444444444,146.0,KLT THE ROCK STATION,"WBCM RADIO, INC.",Classic Rock,,,,,Traverse City-Petoskey-Cadillac,178.0,False
93.5,WKMJ-FM,HANCOCK,MI,13.5,47.10158333333334,88.56983333333334,76.0,MIX 93.5,"J & J BROADCASTING, INC.",Hot AC,,,,,,,False
88.3,WKPK,MICHIGAMME,MI,40.0,46.60391666666667,87.62086111111111,184.0,SMILE FM MICHIGAN'S POSITIVE HITS,NORTHLAND COMMUNITY BROADCASTERS,Contemporary Christian,,,,,,,False
95.5,WKQI,DETROIT,MI,100.0,42.473083333333335,83.1996388888889,132.0,CHANNEL 95.5,iHeartMedia,Contemporary Hit Radio,,,,,Detroit,13.0,False
101.9,WKQS-FM,NEGAUNEE,MI,13.0,46.603833333333334,87.62097222222222,185.0,SUNNY 101.9,MEDIABREW COMMUNICATIONS MARQUETTE LLC,Hot AC,,,,,,,False
93.3,WKQZ,MIDLAND,MI,39.0,43.846138888888895,84.09222222222222,169.0,"Z 93, THE ROCK STATION",Cumulus Media,Rock,,Lions,,,Saginaw-Bay City-Midland,152.0,False
94.3,WKUF-LP,FLINT,MI,0.1,43.014472222222224,83.71383333333334,40.0,,KETTERING UNIVERSITY,Adult Alternative,,,,,Flint,140.0,False
94.9,WKZC,SCOTTVILLE,MI,17.0,44.0575,86.41619444444446,111.0,BIG DOG COUNTRY,"SYNERGY MEDIA, INC.",Country,,,,,,,False
96.9,WLAV-FM,GRAND RAPIDS,MI,43.0,42.95963888888889,85.89580555555557,156.0,97 LAV FM,Cumulus Media,Classic Rock,,,,,Grand Rapids,68.0,False
98.3,WLCS,NORTH MUSKEGON,MI,1.6,43.313916666666664,86.15477777777778,141.0,98.3 WLCS CLASSIC HITS,Cumulus Media,Classic Hits,,,,,Muskegon,225.0,False
103.9,WLCV-LP,LUDINGTON,MI,0.058,43.94916666666666,86.45008333333334,53.6,LUDINGTON CATHOLIC VOICE,LUDINGTON AREA CATHOLIC SCHOOL,Religious Teaching,,,,,,,False
98.7,WLDN,LUDINGTON,MI,5.5,43.91694444444444,86.43675,56.4,NEWS 97 AND 98,"SYNERGY LAKESHORE LICENSES, LLC",News,Tigers,,,,,,False
103.9,WLEN,ADRIAN,MI,3.0,41.903083333333335,83.98686111111111,96.0,PERSON TO PERSON RADIO,LENAWEE BROADCASTING COMPANY,Adult Contemporary,,,,,,,False
102.1,WLEW-FM,BAD AXE,MI,50.0,43.89113888888889,83.12383333333332,156.0,CRUISE 102.1,"THUMB BROADCASTING, INC.",Classic Hits,,,,,,,False
88.9,WLFN,FLINT,MI,0.41,42.98030555555556,83.57772222222222,83.1,K-LOVE,EDUCATIONAL MEDIA FOUNDATION,Contemporary Christian,,,,,,,False
96.7,WMJT,MCMILLAN,MI,50.0,46.53388888888889,85.59013888888889,133.0,96.7 FLASH FM,"Sumbera Broadcasting, LLC",Hot AC,,,,,,,False
88.1,WLGH,LEROY TOWNSHIP,MI,6.7,42.70558333333334,84.35747222222221,172.0,SMILE FM MICHIGAN'S POSITIVE HITS,SMILE FM,Contemporary Christian,,,,,Lansing-East Lansing,127.0,False
95.7,WLHT-FM,GRAND RAPIDS,MI,40.0,43.03252777777778,85.69641666666666,147.0,MIX 95.7,"TOWNSQUARE MEDIA OF GRAND RAPIDS, INC.",Hot AC,,,,,Grand Rapids,68.0,False
107.9,WLJD,CHARLEVOIX,MI,5.0,45.333333333333336,85.24644444444445,14.0,WE'RE LIFTING JESUS' NAME,"Northern Christian Radio, Inc.",Religious Teaching,,,,,Traverse City-Petoskey-Cadillac,178.0,False
89.9,WLJN-FM,TRAVERSE CITY,MI,100.0,44.776666666666664,85.66202777777778,119.0,WE'RE LIFTING JESUS' NAME,"Northern Christian Radio, Inc.",Religious Teaching,,,,,Traverse City-Petoskey-Cadillac,178.0,False
95.9,WLJW-FM,FIFE LAKE,MI,19.0,44.594722222222224,85.19811111111112,167.6,THE SOURCE,"Northern Christian Radio, Inc.",Christian Contemporary,,,,,Traverse City-Petoskey-Cadillac,178.0,False
89.1,WLKB,BAY CITY,MI,50.0,43.56169444444444,83.98108333333333,113.0,K-LOVE,EDUCATIONAL MEDIA FOUNDATION,Contemporary Christian,,,,,Saginaw-Bay City-Midland,152.0,False
89.7,WLMN,MANISTEE,MI,15.0,44.105000000000004,86.2503611111111,76.0,IPR NEWS RADIO,Interlochen Arts Group,News,,,,,,,True
95.9,WLKM-FM,THREE RIVERS,MI,3.6,41.897555555555556,85.56416666666667,123.4,WLKM 95.9 FM,"IMPACT RADIO, LLC",Adult Contemporary,,,,,,,False
106.7,WLLZ,DETROIT,MI,39.0,42.35166666666667,83.06333333333333,163.0,DETROIT'S WHEELS,iHeartMedia,Classic Rock,,,,,Detroit,13.0,False
92.9,WLMI,GRAND LEDGE,MI,5.4,42.73280555555556,84.55358333333334,106.1,CRUSIN' 92-9,"MIDWEST COMMUNICATIONS, INC.",Classic Hits,,,,,Lansing-East Lansing,127.0,False
89.7,WLNZ,LANSING,MI,1.0,42.73752777777778,84.55330555555555,33.8,MICHIGAN PUBLIC,LANSING COMMUNITY COLLEGE,News,,,,,Lansing-East Lansing,127.0,False
100.9,WLUN,PINCONNING,MI,2.6,43.846138888888895,84.09222222222222,152.0,SPORTS RADIO 100.9 THE MITT,"MICHIGAN RADIO COMMUNICATIONS, LLC",Sports,,,Pistons,,Saginaw-Bay City-Midland,152.0,False
96.3,WLXT,PETOSKEY,MI,100.0,45.32138888888889,84.87588888888888,162.0,LITE 96.3,"MACDONALD GARBER BROADCASTING, INC",Adult Contemporary,,,,,Traverse City-Petoskey-Cadillac,178.0,False
96.7,WLXV,CADILLAC,MI,7.2,44.380833333333335,85.55672222222222,143.0,96.7 THE BULL,"MACDONALD GARBER BROADCASTING, INC",Country,,,,,Traverse City-Petoskey-Cadillac,178.0,False
96.1,WMAX-FM,HOLLAND,MI,50.0,42.819472222222224,85.86919444444443,119.0,96.1 THE GAME,iHeartMedia,Sports,,,Pistons,Red Wings,Grand Rapids,68.0,False
91.7,WMCQ,MUSKEGON,MI,6.0,43.31030555555555,85.91227777777779,88.0,AMERICAN FAMILY RADIO,AMERICAN FAMILY ASSOCIATION,Religious Teaching,,,,,Muskegon,225.0,False
105.1,WMGC-FM,DETROIT,MI,50.0,42.45363888888889,83.16380555555556,146.0,105.1 THE BOUNCE,"BEASLEY MEDIA GROUP LICENSES, LLC",Classic Hip-Hop,,,,,Detroit,13.0,False
91.5,WMHW-FM,MOUNT PLEASANT,MI,9.1,43.57586111111112,84.77472222222222,161.5,MOUNTAIN 91.5,CENTRAL MICHIGAN UNIVERSITY,Adult Alternative,,,,,,,False
97.3,WMJO,ESSEXVILLE,MI,3.0,43.51419444444444,83.7641388888889,99.0,JOE FM,THE MACDONALD BROADCASTING COMPANY,Adult Hits,,,,,Saginaw-Bay City-Midland,152.0,False
98.3,WMIM,LUNA PIER,MI,3.4,41.66811111111111,83.453,136.1,98.3 FM NASH ICON,Cumulus Media,Country,,,,,Toledo,108.0,False
91.9,WMJC,RICHLAND,MI,6.0,42.45363888888889,85.34416666666667,55.0,STRONG TOWER RADIO,WEST CENTRAL MICHIGAN MEDIA MINISTRIES,Religious Teaching,,,,,,,False
101.5,WMJZ-FM,GAYLORD,MI,50.0,45.019444444444446,84.40780555555556,92.0,EAGLE 101-5,45 NORTH MEDIA INC,Adult Hits,,,,,Traverse City-Petoskey-Cadillac,178.0,False
102.9,WMKC,INDIAN RIVER,MI,100.0,45.50138888888889,85.03033333333333,182.0,BIG COUNTRY 102.9,"BLACK DIAMOND BROADCAST HOLDINGS, LLC",Country,,,,,Traverse City-Petoskey-Cadillac,178.0,False
105.5,WMKD,PICKFORD,MI,100.0,46.39669444444444,84.39780555555556,85.0,COUNTRY 105,"SOVEREIGN COMMUNICATIONS, LLC",Country,,,,,,,False
97.7,WMLQ,MANISTEE,MI,2.5,44.211111111111116,86.29813888888889,149.0,NEWS 97 AND 98,"SYNERGY LAKESHORE LICENSES, LLC",News,Tigers,,,Red Wings,Traverse City-Petoskey-Cadillac,178.0,False
93.1,WMLY-LP,MARSHALL,MI,0.09,42.261694444444444,84.86969444444443,30.0,LIFETALK RADIO,MARSHALL CHRISTIAN RADIO,Religious Teaching,,,,,,,False
107.9,WMLZ-LP,TEMPERANCE,MI,0.1,41.766999999999996,83.59183333333333,20.4,Z 108,BEDFORD PUBLIC SCHOOLS,Classic Rock,,,,,,,False
94.9,WMMQ,EAST LANSING,MI,50.0,42.64586111111111,84.56052777777778,152.0,CLASSIC ROCK 94.9,"Townsquare License, LLC",Classic Rock,,Lions,,,Lansing-East Lansing,127.0,False
102.7,WMOM,PENTWATER,MI,2.65,43.85916666666667,86.30694444444444,100.0,102.7 WMOM,"Hit Radio Media, LLC",Hot AC,,,,,,,False
93.1,WMPA,FERRYSBURG,MI,6.0,43.06861111111112,86.14222222222223,52.0,STRONG TOWER RADIO,WEST CENTRAL MICHIGAN MEDIA MINISTRIES,Religious Teaching,,,,,Grand Rapids,68.0,False
107.7,WMQT,ISHPEMING,MI,100.0,46.50216666666667,87.64791666666667,169.2,Q 107,Keweenaw Bay Indian Community,Hot AC,,,,,,,False
104.7,WMRP-LP,MUNDY TOWNSHIP,MI,0.1,42.91891666666666,83.6918888888889,29.0,RETRO 104-7,"SWC CONCERTS, INC",Country,,,,,Flint,140.0,False
101.7,WMRR,MUSKEGON HEIGHTS,MI,12.0,43.27722222222222,86.33477777777777,144.0,TOTAL ROCK 101.7,iHeartMedia,Classic Rock,,,,Red Wings,Muskegon,225.0,False
97.7,WMRX-FM,BEAVERTON,MI,4.1,43.88780555555555,84.52916666666667,135.0,SUNNY 97.7,"Black Diamond Broadcast Group, LLC",Classic Hits,Tigers,,,,,,False
90.9,WMSD,ROSE TOWNSHIP,MI,14.0,44.46875,84.14200000000001,52.0,WE MAGNIFY SOUND DOCTRINE,"BIBLE BAPTIST CHURCH OF LUPTON, MICHIGAN",Religious Teaching,,,,,,,False
101.5,WMTE-FM,MANISTEE,MI,6.0,44.211111111111116,86.29805555555555,94.0,EAGLE 101-5,45 NORTH MEDIA INC,Adult Hits,,,,,Traverse City-Petoskey-Cadillac,178.0,False
91.9,WMTU-FM,HOUGHTON,MI,4.4,47.14075,88.54066666666667,64.0,TAKE BACK THE RADIO,Michigan Technological University - WMTU,Variety,,,,,,,False
102.1,WMUK,KALAMAZOO,MI,49.0,42.41697222222222,85.53194444444445,98.0,PUBLIC RADIO FROM WESTERN MICHIGAN RADIO,WESTERN MICHIGAN UNIVERSITY,News,,,,,Kalamazoo,183.0,True
107.9,WMUS,MUSKEGON,MI,15.0,43.27722222222222,86.33477777777777,123.0,107 MUS,iHeartMedia,Country,,,,,Muskegon,225.0,False
103.5,WMUZ-FM,DETROIT,MI,50.0,42.377805555555554,83.24297222222222,146.0,THE LIGHT,"WMUZ RADIO, INC.",Contemporary Christian,,,,,Detroit,13.0,False
92.3,WMXD,DETROIT,MI,45.0,42.33197222222223,83.04491666666667,149.0,MIX 92.3,iHeartMedia,R&B,,,,,Detroit,13.0,False
107.9,WNBI-LP,NEW BUFFALO,MI,0.1,41.79252777777778,86.73166666666667,30.0,RADIO HARBOR COUNTY,NEW BUFFALO AREA SCHOOLS,Variety,,,,,,,False
93.9,WNBY-FM,NEWBERRY,MI,50.0,46.44947222222222,85.10119444444445,94.0,OLDIES 93,"SOVEREIGN COMMUNICATIONS, LLC",Classic Hits,,Lions,,,,,False
88.3,WNFA,PORT HURON,MI,1.3,42.99336111111111,82.46825,66.0,THRIVE RADIO,ROSS BIBLE CHURCH,Religious Teaching,,,,,Detroit,13.0,False
90.7,WNFR,SANDUSKY,MI,42.0,43.17419444444444,82.60019444444444,132.0,90.7 HOPE FM,ROSS BIBLE CHURCH,Religious Teaching,,,,,,,False
99.5,WNGE,NEGAUNEE,MI,50.0,46.51416666666667,87.48277777777778,78.0,93.1 KROCK,"MARQUETTE RADIO, LLC",Rock,,,,Red Wings,,,False
89.7,WNHG,GRAND RAPIDS,MI,3.2,42.977805555555555,85.59558333333332,54.0,STRONG TOWER RADIO,WEST CENTRAL MICHIGAN MEDIA MINISTRIES,Religious Teaching,,,,,Grand Rapids,68.0,False
100.3,WNIC,DEARBORN,MI,32.0,42.389472222222224,83.14797222222222,177.0,100.3 WNIC,iHeartMedia,Adult Contemporary,,,,,Detroit,13.0,False
90.7,WNMC-FM,TRAVERSE CITY,MI,0.6,44.776666666666664,85.68397222222222,67.0,WORLD CLASS RADIO,NORTHWESTERN MICHIGAN COLLEGE,Variety,,,,,Traverse City-Petoskey-Cadillac,178.0,False
90.1,WNMU-FM,MARQUETTE,MI,100.0,46.352722222222226,87.85430555555556,273.0,PUBLIC RADIO 90,"BOARD OF Trustees, NORTHERN MICHIGAN UNIVERSITY",News,,,,,,,True
103.9,WNOA-LP,Marquette,MI,0.1,46.54138888888889,87.39888888888889,31.0,,"CLAVES REGNI MINISTRIES, INC. DBA NORTHERN APOSTLE RADIO",Religious Teaching,,,,,,,False
96.7,WNUC-LP,DETROIT,MI,0.058,42.372527777777776,83.07825,33.0,,NORTH END WOODWARD COMMUNITY COALITION,Variety,,,,,Detroit,13.0,False
98.5,WNWN,COLDWATER,MI,50.0,42.05755555555555,84.99802777777778,141.0,WIN 98.5,"MIDWEST COMMUNICATIONS, INC",Country,,,,,,,False
100.7,WOBE,CRYSTAL FALLS,MI,75.0,45.82077777777778,88.04347222222222,63.0,100.7 RADIO NOW,"RESULTS BROADCASTING OF IRON MOUNTAIN, INC.",Contemporary Hit Radio,,,,,,,False
89.1,WOCR,OLIVET,MI,0.5,42.44197222222222,84.92497222222222,17.0,THE ONE,BOARD OF TRUSTEES/THE UNIVERSITY OF OLIVET,Adult Alternative,,,,,Lansing-East Lansing,127.0,False
91.3,WOES,OVID-ELSIE,MI,0.55,43.04613888888889,84.38802777777778,41.0,THE POLKA PALACE,OVID-ELSIE AREA SCHOOLS,Ethnic,,,,,Lansing-East Lansing,127.0,False
89.5,WOFR,SCHOOLCRAFT,MI,10.0,42.11058333333334,85.63247222222222,37.0,FAMILY RADIO,"LOAM MEDIA, INC.",Religious Teaching,,,,,Kalamazoo,183.0,False
97.7,WOLV,HOUGHTON,MI,6.5,47.13491666666667,88.56483333333333,110.0,97.7 THE WOLF,Queen Bee's Knees LLC,Classic Hits,,,,,,,False
91.1,WOLW,CADILLAC,MI,50.0,44.275888888888886,85.71352777777778,142.0,THE PROMISE FM,NORTHERN CHRISTIAN RADIO,Contemporary Christian,,,,,Traverse City-Petoskey-Cadillac,178.0,False
104.3,WOMC,DETROIT,MI,190.0,42.46947222222222,83.11491666666666,112.0,,"Audacy License, LLC",Classic Hits,,,,,Detroit,13.0,False
106.9,WOOD-FM,MUSKEGON,MI,50.0,43.23002777777778,86.08422222222222,144.0,NEWS RADIO 1300 AND 106.9,iHeartMedia,News,Tigers,,,,Muskegon,225.0,False
91.9,WORW,PORT HURON,MI,0.18,43.02502777777778,82.436,17.0,,PORT HURON AREA SCHOOLS,Contemporary Hit Radio,,,,,Detroit,13.0,False
89.5,WOVI,NOVI,MI,0.1,42.463638888888894,83.49102777777777,15.0,REAL RADIO,"BOARD OF EDUCATION, NOVI COMMUNITY SCHOOL DISTRICT",Adult Alternative,,,,,Detroit,13.0,False
91.1,WPCJ,PITTSFORD,MI,0.27,41.88447222222222,84.47077777777778,28.0,WE PROCLAIM CHRIST JESUS,PITTSFORD EDUCATIONAL BROADCASTING FOUNDATION,Religious Teaching,,,,,,,False
90.5,WPHN,GAYLORD,MI,100.0,45.016666666666666,84.35277777777777,181.0,THE PROMISE FM,NORTHERN CHRISTIAN RADIO,Contemporary Christian,,,,,,,False
89.1,WPHS,WARREN,MI,2.0,42.51669444444445,83.00991666666667,38.0,EXILE RADIO,WARREN CONSOLIDATED SCHOOLS,Variety,,,,,Detroit,13.0,False
101.7,WPRJ,COLEMAN,MI,4.6,43.81086111111111,84.46388888888889,112.0,RADIO U,"SPIRIT COMMUNICATIONS, INC.",Christian Rock,,,,,Saginaw-Bay City-Midland,152.0,False
90.1,WPRR-FM,CLYDE TOWNSHIP,MI,5.0,42.59141666666667,85.93530555555556,59.0,PUBLIC REALITY RADIO,"WPRR, INC.",Variety,,,,,,,False
95.7,WQAR-LP,ADDISON,MI,0.1,41.98780555555555,84.34188888888889,16.76,DTHE PANTHER,ADDISON COMMUNITY SCHOOLS,Classic Rock,,,,,,,False
102.9,WQBH-LP,ST. JOSEPH,MI,0.061,42.09280555555556,86.45777777777778,35.0,,"MARRIAGE AND FAMILY COMMITMENT, INC.",Religious Teaching,,,,,,,False
104.9,WQBX,ALMA,MI,6.0,43.368916666666664,84.60527777777777,99.0,TODAYâ€™S BEST MUSIC,"JACOM, INC.",Hot AC,Tigers,,,,,,False
96.5,WQHH,DEWITT,MI,6.0,42.849472222222225,84.66777777777779,89.0,POWER 96.5,THE MACDONALD BROADCASTING COMPANY,Hip Hop,,,,,Lansing-East Lansing,127.0,False
100.9,WQHN,EAST JORDAN,MI,11.5,45.17777777777778,85.09922222222222,61.0,THE PROMISE FM,NORTHERN CHRISTIAN RADIO,Contemporary Christian,,,,,Traverse City-Petoskey-Cadillac,178.0,False
107.1,WQKL,ANN ARBOR,MI,3.0,42.278083333333335,83.74213888888889,85.0,ANN ARBORS 107 ONE FM,Cumulus Media,Adult Alternative,,,,,Ann Arbor,151.0,False
103.3,WQLB,TAWAS CITY,MI,15.0,44.41336111111111,83.62052777777777,112.0,HITS FM,"CARROLL BROADCASTING, INC.",Classic Hits,,,,,,,False
100.3,WQON,GRAYLING,MI,60.0,44.570861111111114,84.69252777777778,55.0,Q 100,"BLARNEY STONE BROADCASTING, INC.",Classic Rock,,Lions,,,,,False
95.3,WQTE,ADRIAN,MI,3.0,41.80419444444444,84.09022222222222,39.0,Q 95,"SOUTHEAST MICHIGAN MEDIA, INC.",Country,,,,,,,False
92.1,WQTX,ST. JOHNS,MI,4.0,42.89169444444445,84.57525,118.0,STACKS 92.1,"MIDWEST COMMUNICATIONS, INC.",Rhythmic CHR,,,,,Lansing-East Lansing,127.0,False
103.1,WQUS,LAPEER,MI,2.6,43.07863888888889,83.18994444444445,74.0,U.S. 103.1,"TOWNSQUARE MEDIA OF FLINT, INC.",Classic Rock,,,,,Detroit,13.0,False
100.9,WQXC-FM,ALLEGAN,MI,3.0,42.50725,85.75891666666666,117.0,COOL 101,"Midwest Communications, Inc.",Oldies,,,,,,,False
90.9,WRCJ-FM,DETROIT,MI,22.5,42.44808333333333,83.17297222222223,214.0,,DETROIT CLASSICAL AND JAZZ EDUCATIONAL RADIO LLC,Classical,,,,,Detroit,13.0,False
93.7,WRCL,FRANKENMUTH,MI,3.5,43.305416666666666,83.55144444444444,140.0,CLUB 93.7,"TOWNSQUARE MEDIA OF FLINT, INC.",Rhythmic CHR,,,,,,,False
104.3,WRDS-LP,ROSCOMMON,MI,0.1,44.49391666666667,84.59641666666666,30.0,,SOUL'S HARBOR ASSEMBLY OF GOD CHURCH,Southern Gospel,,,,,,,False
101.7,WRFH-LP,HILLSDALE,MI,0.028,41.93233333333333,84.63386111111112,44.0,,HILLSDALE COLLEGE,Americana,,,,,,,False
96.7,WRGZ,ROGERS CITY,MI,42.0,45.35055555555556,83.78305555555555,145.0,KLT THE ROCK STATION,"WATZ RADIO, INC.",Classic Rock,,,,,,,False
106.7,WRHC-LP,THREE OAKS,MI,0.053,41.801138888888886,86.61444444444444,40.0,RADIO HARBOR COUNTRY,HARBOR ARTS,Variety,,,,,,,False
93.5,WRHZ-LP,THREE OAKS,MI,0.046,41.88397222222222,86.59838888888888,42.0,RADIO HARBOR COUNTRY,RADIO HARBOR COUNTRY,Variety,,,,,,,False
101.1,WRIF,DETROIT,MI,27.0,42.47058333333334,83.25019444444445,277.0,101 WRIF EVERYTHING THAT ROCKS,"BEASLEY MEDIA GROUP LICENSES, LLC",Rock,,,,,Detroit,13.0,False
107.7,WRKR,PORTAGE,MI,50.0,42.12894444444444,85.33944444444444,143.0,107.7 THE ROCKER,"Townsquare License, LLC",Rock,,,,,Kalamazoo,183.0,False
92.7,WRPP,MANISTIQUE,MI,51.0,45.966638888888895,86.48819444444445,195.0,92.7 THE LEGEND,"906 Delta, LLC",Classic Rock,,,,,,,False
103.9,WRSR,OWOSSO,MI,2.85,42.99586111111111,83.99275,149.0,103.9 THE FOX,KROL COMMUNICATIONS INC.,Classic Rock,,Lions,,,,,False
91.3,WRSX,PORT HURON,MI,0.12,42.97863888888889,82.42905555555556,25.0,MICHIGAN PUBLIC,ST. CLAIR COUNTY REGIONAL EDUCATIONAL SERVICE AGENCY,News,,,,,Detroit,13.0,True
98.3,WRUP,PALMER,MI,2.6,46.603833333333334,87.62097222222222,207.0,REAL CLASSIC ROCK 98.3,MEDIABREW COMMUNICATIONS MARQUETTE LLC,Classic Rock,,,,,,,False
92.3,WRVU-LP,GRAND RAPIDS,MI,0.1,42.850861111111115,85.60725,12.0,RADIO VISION,IGLESIA DEL REY,Religious,,,,,Grand Rapids,68.0,False
106.9,WSAE,SPRING ARBOR,MI,3.9,42.153638888888885,84.54938888888888,103.0,HOME.FM,SPRING ARBOR UNIVERSITY,Contemporary Christian,,,,,,,False
104.1,WSAG,LINWOOD,MI,4.6,43.72502777777778,83.94719444444445,103.0,104 FM THE BAY,MACDONALD BROADCASTING COMPANY,Soft AC,,,,,Saginaw-Bay City-Midland,152.0,False
107.1,WSAQ,PORT HURON,MI,6.0,42.97697222222222,82.46433333333334,99.0,Q COUNTRY 107,"LIGGETT COMMUNICATIONS, L.L.C.",Country,,,,,Detroit,13.0,False
94.5,WSBX,MACKINAW CITY,MI,50.0,45.666666666666664,84.63477777777778,77.0,BRIDGE FM - EVERYTHING CLASSIC,"Whiskey Sours Broadcasting and Productions, LLC",Classic Hits,,,,,Traverse City-Petoskey-Cadillac,178.0,False
88.1,WSDP,PLYMOUTH,MI,0.3,42.349472222222225,83.49577777777777,31.0,88.1 THE PARK,PLYMOUTH-CANTON COMMUNITY SCHOOLS,Hot AC,,,,,Detroit,13.0,False
88.1,WSFP,HARRISVILLE,MI,18.0,44.70333333333333,83.52413888888888,90.0,SMILE FM MICHIGAN'S POSITIVE HITS,MICHIGAN COMMUNITY RADIO,Contemporary Christian,,,,,,,False
105.5,WSFT-LP,BERRIEN SPRINGS,MI,0.057,41.92363888888889,86.28222222222222,28.0,LIFE SEARCH RADIO,"LIFE SEARCH RADIO, INC.",Religious Teaching,,,,,,,False
100.5,WSGW-FM,CARROLLTON,MI,3.0,43.56169444444444,83.98108333333333,102.0,100.5 AND 790 NEWSRADIO WSGW,Alpha Media Licensee LLC,News,,,,,Saginaw-Bay City-Midland,152.0,False
88.3,WSHJ,SOUTHFIELD,MI,0.105,42.47002777777778,83.26408333333333,39.4,,BOARD OF EDUCATION OF SOUTHFIELD PUBLIC SCHOOLS,Hip Hop,,,,,Detroit,13.0,False
89.3,WSHN,MUNISING,MI,100.0,46.603833333333334,87.62097222222222,212.0,K-LOVE,"CHRISTIANRADIOBROADCASTING.ORG, INC.",Contemporary Christian,,,,,,,False
88.7,WSIS,RIVERSIDE,MI,6.0,42.25391666666667,86.3358611111111,115.0,SMILE FM MICHIGAN'S POSITIVE HITS,SMILE FM,Contemporary Christian,,,,,,,False
96.9,WSJB-LP,ST. JOSEPH,MI,0.1,42.098083333333335,86.43419444444444,35.0,,SAINT JOSEPH EDUCATIONAL BROADCASTERS,Religious Teaching,,,,,,,False
103.7,WSJH,HUBBARDSTON,MI,2.0,43.133916666666664,84.83083333333333,25.0,SMILE FM MICHIGAN'S POSITIVE HITS,SMILE FM,Contemporary Christian,,,,,,,False
94.9,WSJM-FM,BENTON HARBOR,MI,2.2,42.07197222222223,86.37058333333333,96.0,NEWS TALK SPORTS 94.9 WSJM,"WSJM, INC.",News,Tigers,,,,,,False
90.9,WSLI-FM,BELDING,MI,11.5,43.08669444444445,85.31638888888888,56.0,SMILE FM MICHIGAN'S POSITIVE HITS,SMILE FM,Contemporary Christian,,,,,Grand Rapids,68.0,False
89.3,WSMB,HARBOR BEACH,MI,12.0,43.686138888888884,82.99438888888889,125.0,SMILE FM MICHIGAN'S POSITIVE HITS,SMILE FM,Contemporary Christian,,,,,,,False
88.1,WSMF,MONROE,MI,1.2,41.91891666666666,83.37602777777776,39.0,SMILE FM,NORTHLAND COMMUNITY BROADCASTERS,Contemporary Christian,,,,,Detroit,13.0,False
99.1,WSMK,BUCHANAN,MI,6.0,41.82319444444445,86.28405555555555,99.0,SMOKIN' 99.1,,Rhythmic CHR,,,,,,,False
91.9,WSMO,MOUNT FOREST,MI,6.0,43.70444444444445,84.01027777777777,92.0,SMILE FM MICHIGAN'S POSITIVE HITS,SMILE FM,Contemporary Christian,,,,,Saginaw-Bay City-Midland,152.0,False
88.3,WSMZ-FM,CRYSTAL VALLEY,MI,1.5,43.67611111111111,86.23897222222222,135.0,SMILE FM MICHIGAN'S POSITIVE HITS,SMILE FM,Contemporary Christian,,,,,,,False
103.7,WSNH-LP,GRAND RAPIDS,MI,0.1,42.91561111111111,85.74438888888889,41.0,,IGLESIA SANANDO LAS NACIONES,Religious,,,,,Grand Rapids,68.0,False
104.5,WSNX-FM,MUSKEGON,MI,32.0,43.20447222222222,86.02922222222222,186.0,WSNX 104.5,iHeartMedia,Contemporary Hit Radio,,,,,Muskegon,225.0,False
89.7,WSPB,BEDFORD,MI,4.5,42.45752777777778,85.24805555555555,64.0,CATHOLIC RADIO,"HOLY FAMILY RADIO, INC.",Religious Teaching,,,,,,,False
105.5,WSRJ,HONOR,MI,17.0,44.66138888888889,85.81480555555555,99.0,THE PROMISE FM,"Northern Christian Radio, Inc.",Contemporary Christian,,,,,Traverse City-Petoskey-Cadillac,178.0,False
106.7,WSRT,GAYLORD,MI,100.0,45.180277777777775,85.09722222222221,169.0,STAR COUNTRY 106.7,"MACDONALD GARBER BROADCASTING, INC.",Country,,,,,Traverse City-Petoskey-Cadillac,178.0,False
105.7,WSRW-FM,GRAND RAPIDS,MI,265.0,42.65486111111111,85.52722222222222,182.9,STAR 105.7,iHeartMedia,Adult Contemporary,,,,,Grand Rapids,68.0,False
101.3,WSUE,SAULT STE. MARIE,MI,100.0,46.43780555555555,84.3783611111111,52.0,ROCK 101,"SOVEREIGN COMMUNICATIONS, LLC",Rock,,,,,,,False
89.7,WTAC,BURTON,MI,15.0,42.748916666666666,83.71633333333334,50.0,SMILE FM MICHIGAN'S POSITIVE HITS,SMILE FM,Contemporary Christian,,,,,Detroit,13.0,False
90.9,WTCK,CHARLEVOIX,MI,5.5,45.501444444444445,85.03025,164.6,RELEVANT RADIO,"RELEVANT RADIO, INC.",Religious Teaching,,,,,Traverse City-Petoskey-Cadillac,178.0,False
103.5,WTCM-FM,TRAVERSE CITY,MI,100.0,44.45861111111111,85.70063888888889,291.0,,"WTCM Radio, Inc.",Country,,,,,Traverse City-Petoskey-Cadillac,178.0,False
88.3,WTCY,GREILICKVILLE,MI,4.4,44.96638888888889,85.77452777777778,126.5,RELEVANT RADIO,"RELEVANT RADIO, INC.",Religious Teaching,,,,,Traverse City-Petoskey-Cadillac,178.0,False
97.7,WTGV-FM,SANDUSKY,MI,3.0,43.39244444444444,82.83483333333332,99.0,GREATEST HITS OF THE 60`S 70`S & 80`S,SANILAC BROADCASTING COMPANY,Classic Hits,Tigers,Lions,,,,,False
102.3,WTHN,SAULT STE. MARIE,MI,6.1,46.48558333333333,84.23030555555556,57.0,THE PROMISE FM,NORTHERN CHRISTIAN RADIO,Contemporary Christian,,,,,,,False
89.9,WTHS,HOLLAND,MI,1.0,42.78780555555555,86.10058333333333,59.0,THE VOICE OF HOPE COLLEGE,HOPE COLLEGE,Adult Alternative,,,,,Grand Rapids,68.0,False
89.3,WTLI,BEAR CREEK TOWNSHIP,MI,50.0,45.169999999999995,84.75113888888889,172.0,SMILE FM MICHIGAN'S POSITIVE HITS,SMILE FM,Contemporary Christian,,,,,Traverse City-Petoskey-Cadillac,178.0,False
107.1,WTLZ,SAGINAW,MI,5.0,43.352444444444444,83.91672222222223,114.0,KISS 107.1,Alpha Media Licensee LLC,Hip Hop,,,,,Saginaw-Bay City-Midland,152.0,False
107.3,WTNR,GREENVILLE,MI,50.0,43.01947222222222,85.34944444444444,140.0,THUNDER 107.3,Cumulus Media,Country,,,,,Grand Rapids,68.0,False
93.3,WTPP-LP,GOBLES,MI,0.068,42.39780555555556,85.86388888888888,17.0,,"NEW CREATION STATION, INC.",Religious Teaching,,,,,,,False
95.3,WTRC-FM,NILES,MI,5.5,41.737833333333334,86.25277777777778,93.3,95.3 MNC (MICHIANA'S NEWS CHANNEL),PATHFINDER COMMUNICATIONS CORPORATION,Talk,,,,,South Bend,184.0,False
90.9,WTRK,FREELAND,MI,0.43,43.56169444444444,83.98108333333333,106.0,AIR1,EDUCATIONAL MEDIA FOUNDATION,Contemporary Christian,,,,,Saginaw-Bay City-Midland,152.0,False
100.5,WTRV,WALKER,MI,3.0,43.016416666666665,85.74002777777778,82.0,100.5 THE RIVER,"TOWNSQUARE MEDIA OF GRAND RAPIDS, INC.",Adult Contemporary,,,,,Grand Rapids,68.0,False
92.1,WTWS,HOUGHTON LAKE,MI,0.92,44.28919444444444,84.74225,176.8,92.1 THE TWISTER,"BLACK DIAMOND BROADCAST GROUP, LLC",Country,,,,,,,False
106.1,WTZM,TAWAS CITY,MI,25.0,44.27363888888889,83.66330555555557,89.0,THE POINT 106.1,"CARROLL ENTERPRISES, INC.",Hot AC,,,,,,,False
90.1,WUCX-FM,BAY CITY,MI,30.0,43.55280555555555,83.68997222222222,150.0,WCMU PUBLIC RADIO,CENTRAL MICHIGAN UNIVERSITY,News,,,,,Saginaw-Bay City-Midland,152.0,True
93.1,WUFL,DETROIT,MI,26.5,42.47113888888889,83.20027777777779,206.0,FAMILY LIFE RADIO,Intentional Life Media,Contemporary Christian,,,,,Detroit,13.0,False
96.7,WUFN,ALBION,MI,3.2,42.26558333333333,84.64525,138.0,FAMILY LIFE RADIO,Intentional Life Media,Contemporary Christian,,,,,,,False
106.1,WUGM-LP,MUSKEGON,MI,0.1,43.218361111111115,86.24477777777778,22.0,M 106-FM,WEST MICHIGAN COMMUNITY HELP NETWORK,R&B Oldies,,,,,Muskegon,225.0,False
99.7,WUGN,MIDLAND,MI,100.0,43.515861111111114,84.54583333333333,309.0,FAMILY LIFE RADIO,Intentional Life Media,Contemporary Christian,,,,,Saginaw-Bay City-Midland,152.0,False
91.7,WUOM,ANN ARBOR,MI,93.0,42.40752777777777,83.91383333333334,196.0,MICHIGAN PUBLIC,Regents of the University of Michigan,News,,,,,Ann Arbor,151.0,True
107.3,WUPF,POWERS,MI,50.0,45.64461111111111,87.37641666666666,64.0,EAGLE 107.3 FM,"AMC PARTNERS ESCANABA, LLC",Classic Rock,,,,,,,False
96.7,WUPG,REPUBLIC,MI,50.0,46.50805555555556,87.96861111111112,58.0,MAVERICK 96.7 FM,"AMC PARTNERS ESCANABA, LLC",Country,,,,,,,False
96.7,WUPG-FM1,MARQUETTE,MI,0.1,46.54511111111111,87.44447222222223,30.5,MAVERICK 96.7 FM,"AMC PARTNERS ESCANABA, LLC",Country,,,,,,,False
90.9,WUPJ,ESCANABA,MI,30.0,46.13472222222222,86.94888888888889,274.0,,WEST CENTRAL MICHIGAN MEDIA MINISTRIES,Religious Teaching,,,,,,,False
94.1,WUPK,MARQUETTE,MI,4.4,46.51411111111111,87.48291666666667,70.0,94-1 THE BREEZE,"MARQUETTE RADIO, LLC",Soft AC,,,,,,,False
106.9,WUPM,IRONWOOD,MI,100.0,46.471611111111116,90.01211111111111,62.0,MIX 106.9,"Baroka Broadcasting, Inc.",Hot AC,,,,,,,False
95.1,WUPN,PARADISE,MI,25.0,46.46602777777778,84.71947222222222,52.7,BRIDGE FM - EVERYTHING CLASSIC,TSE Broadcasting LLC,Classic Hits,,,,,,,False
95.1,WUPN-FM1,SAULT STE MARIE,MI,0.25,46.47613888888889,84.35308333333333,12.0,EAGLE 95.1,TSE BROADCASTING LLC,Classic Hits,,,,,,,False
98.5,WUPS,HARRISON,MI,100.0,44.28919444444444,84.74225,248.0,98.5 UPS,"BLACK DIAMOND BROADCAST GROUP, LLC",Classic Hits,,,,,,,False
100.3,WUPT,GWINN,MI,100.0,46.51430555555555,87.47797222222222,99.0,THE POINT,"AMC PARTNERS ESCANABA, LLC",Classic Hits,,,,,,,False
91.5,WUPX,MARQUETTE,MI,1.7,46.51438888888889,87.48541666666667,85.0,RADIO X,BOARD OF TRUSTEES OF NORTHERN MICHIGAN UNIVERSITY,Variety,,,,,,,False
101.1,WUPY,ONTONAGON,MI,100.0,46.75033333333333,89.17963888888889,128.0,SUPERIOR COUNTRY - Y101,"SNRN BROADCASTING, INC.",Country,,Lions,,,,,False
94.9,WUPZ,CHOCOLAY TOWNSHIP,MI,100.0,46.51430555555555,87.47797222222222,99.0,94.9 THE BAY,"AMC PARTNERS ESCANABA, LLC",Contemporary Hit Radio,,Packers,,Red Wings,,,False
103.7,WUVS-LP,MUSKEGON,MI,0.1,43.218361111111115,86.24477777777778,28.0,,WEST MICHIGAN COMMUNITY HELP NETWORK,Hip Hop,,,,,Muskegon,225.0,False
107.9,WVAC-FM,ADRIAN,MI,0.087,41.896972222222225,84.06102777777778,29.0,,ADRIAN COLLEGE,Adult Alternative,,,,,,,False
91.5,WVAV,VICKSBURG,MI,20.0,42.02041666666666,85.41022222222223,60.0,HOLY FAMILY RADIO,HOLY FAMILY RADIO,Religious Teaching,,,,,,,False
105.3,WVBH-LP,BENTON HARBOR,MI,0.1,42.10913888888889,86.44169444444445,17.0,,Charles D. Kelly Urban Foundation,Hip Hop,,,,,,,False
91.5,WVCM,IRON MOUNTAIN,MI,0.5,45.82077777777778,88.04041666666666,50.0,CHRISTIAN INFORMATION RADIO,"VCY AMERICA, INC.",Religious Teaching,,,,,,,False
104.3,WVCN,BARAGA,MI,100.0,46.66383333333333,88.38513888888889,131.0,CHRISTIAN INFORMATION RADIO,"Keweenaw Bay Broadcasting, Inc.",Religious Teaching,,,,,,,False
102.1,WVFC-LP,STEPHENSON,MI,0.1,45.414944444444444,87.60583333333332,25.0,ETERNAL WORD NETWORK,"AMDG RADIO, INC.",Religious Teaching,,,,,,,False
106.5,WVFM,KALAMAZOO,MI,33.0,42.476416666666665,85.48472222222222,141.0,106.5 JACK FM,"MIDWEST COMMUNICATIONS, INC.",Variety Hits,,,,,Kalamazoo,183.0,False
104.1,WVGR,GRAND RAPIDS,MI,96.0,42.65475,85.52725,227.5,MICHIGAN PUBLIC,Regents of the University of Michigan,News,,,,,Grand Rapids,68.0,True
100.1,WVIB,HOLTON,MI,2.9,43.313916666666664,86.15477777777778,146.0,V 100,Cumulus Media,R&B,,,,,Muskegon,225.0,False
91.5,WVMV,CHINA TOWNSHIP,MI,1.05,42.66169444444444,82.58991666666667,72.0,SMILE FM MICHIGAN'S POSITIVE HITS,SMILE FM,Contemporary Christian,,,,,Detroit,13.0,False
96.9,WWCM,STANDISH,MI,3.0,44.03558333333333,84.00861111111111,96.0,CMU PUBLIC RADIO,CENTRAL MICHIGAN UNIVERSITY,News,,,,,,,True
101.5,WWBN,TUSCOLA,MI,1.8,43.200027777777784,83.55827777777777,140.0,BANANA 101.5,"TOWNSQUARE MEDIA OF FLINT, INC.",Rock,,,,,Flint,140.0,False
100.9,WWBR,BIG RAPIDS,MI,6.0,43.66363888888889,85.48172222222222,122.0,BIG COUNTRY 100.9,"MENTOR PARTNERS, INC.",Country,,,,,,,False
105.5,WWCK-FM,FLINT,MI,25.0,43.01086111111111,83.65105555555556,107.0,CK 105.5,Cumulus Media,Contemporary Hit Radio,,,,,Flint,140.0,False
94.1,WWDK,JACKSON,MI,40.0,42.39197222222222,84.6666388888889,146.0,94.1 DUKE FM,"MIDWEST COMMUNICATIONS, INC.",Country,,,,,,,False
94.1,WWKR,HART,MI,5.0,43.67611111111111,86.23897222222222,143.6,K-ROCK 94.1,"SYNERGY LAKESHORE LICENSES, LLC",Classic Rock,,,,Red Wings,,,False
106.3,WWMK,ONAWAY,MI,38.0,45.650277777777774,84.34363888888889,138.0,106.3 MAC-FM,"BLACK DIAMOND BROADCAST HOLDINGS, LLC",Classic Hits,,,,,Traverse City-Petoskey-Cadillac,178.0,False
92.5,WWSN,NEWAYGO,MI,2.25,43.309749999999994,85.91255555555556,152.4,SUNNY FM,Cumulus Media,Adult Contemporary,,,,,,,False
95.3,WWSS,TUSCARORA TOWNSHIP,MI,17.0,45.35194444444445,84.59388888888888,107.0,THE BEAR 98.1 & 95.3,"BLACK DIAMOND BROADCAST HOLDINGS, LLC",Classic Rock,,Lions,,,Traverse City-Petoskey-Cadillac,178.0,False
100.7,WWTH,OSCODA,MI,20.5,44.57833333333333,83.37774999999999,100.0,THUNDER 100.7,Edwards Communications LC,Classic Rock,Tigers,Lions,,,,,False
102.9,WWWW-FM,ANN ARBOR,MI,50.0,42.24613888888889,83.84938888888888,116.3,102.9 W-4 COUNTRY,Cumulus Media,Country,,,,,Ann Arbor,151.0,False
97.3,WXHR-LP,HILLMAN,MI,0.1,45.059999999999995,83.89888888888889,27.0,HILLMAN COMMUNITY RADIO,HILLMAN COMMUNITY RADIO,Variety,,,,,,,False
88.3,WXOU,AUBURN HILLS,MI,0.11,42.70975,83.23047222222222,20.0,WXOU 88.3 FM,OAKLAND UNIVERSITY,Adult Alternative,,,,,Detroit,13.0,False
97.9,WXTF-LP,HARRISVILLE,MI,0.1,44.656777777777776,83.29141666666666,15.9,,"Alcona Music Project, Inc.",Variety,,,,,,,False
97.1,WXYT-FM,DETROIT,MI,15.0,42.48280555555556,83.20519444444444,277.0,97.1 THE TICKET,"Audacy License, LLC",Sports,Tigers,,Pistons,Red Wings,Detroit,13.0,False
90.1,WYBA,COLDWATER,MI,32.0,42.14422222222222,85.20969444444445,83.0,BIBLE BROADCASTING NETWORK,"BIBLE BROADCASTING NETWORK, INC.",Religious Teaching,,,,,,,False
102.3,WYBR,BIG RAPIDS,MI,10.5,43.683638888888886,85.58227777777778,39.0,Y102,"MENTOR PARTNERS, INC.",Hot AC,,,,,,,False
99.5,WYCD,DETROIT,MI,17.5,42.45363888888889,83.16380555555556,238.0,99-5 YCD DETROIT'S COUNTRY,"Audacy License, LLC",Country,,,,,Detroit,13.0,False
88.1,WYCE,WYOMING,MI,10.0,42.91197222222222,85.68336111111111,54.0,WORLD OF MUSIC,GRAND RAPIDS CABLE ACCESS CENTER,Adult Alternative,,,,,Grand Rapids,68.0,False
102.9,WYHA,GRAND RAPIDS,MI,50.0,42.953611111111115,85.69861111111112,179.0,BIBLE BROADCASTING NETWORK,"Bible Broadcasting Network, Inc.",Religious Teaching,,,,,Grand Rapids,68.0,False
104.7,WYKX,ESCANABA,MI,100.0,45.929138888888886,87.26986111111111,105.0,KIX COUNTRY,"AURORA MEDIA, LLC",Country,,Lions,,,,,False
99.5,WYSS,SAULT STE. MARIE,MI,100.0,46.39669444444444,84.39780555555556,85.0,YES 99.5,"SOVEREIGN COMMUNICATIONS, LLC",Contemporary Hit Radio,,,,,,,False
92.7,WYVN,SAUGATUCK,MI,3.3,42.686138888888884,86.16808333333334,104.0,92.7 THE VAN,"MIDWEST COMMUNICATIONS, INC.",Classic Hits,,,,,,,False
94.3,WZNL,NORWAY,MI,2.55,45.82077777777778,88.04180555555556,58.0,94.3 THE BREEZE,"AMC PARTNERS ESCANABA, LLC",Adult Contemporary,,,,,,,False
104.5,WZTC,TRAVERSE CITY,MI,1.75,44.776666666666664,85.68397222222222,91.0,BOB FM 104.5,"PLAYTIME MEDIA, LLC",Adult Hits,,,,,Traverse City-Petoskey-Cadillac,178.0,False
105.7,WZTK,ALPENA,MI,4.5,45.066111111111105,83.48497222222223,88.0,105.7 THE BIRD,"WATZ RADIO, INC.",Oldies,,,,,,,False
92.5,WZUU,MATTAWAN,MI,4.7,42.25530555555556,85.68277777777779,81.0,YOUR MUSIC AUTHORITY,"Midwest Communications, Inc.",Rock,,,,,Kalamazoo,183.0,False
